setting,family,seed,method,prediction_head,final_neighbor_mode,status,N_train,N_test,latent_dim,observed_dim,Q_true,Q,n_final,n_candidate,n_vem,standardize_x,rmse,mean_crps,wall_sec,coverage_90,mean_width_90,coverage_95,mean_width_95,train_sec,pred_sec,best_loss,gamma_mean,gamma_entropy,kl_coeff,C_std_median,anchor_dispersion_frob,cosine_to_ref_median,C_mu_frob_median,V_Rv,V_info,boundary_weighted,kernel_var,lengthscale,log_amp,log_lengthscale,log_noise_var,mc_gamma,mc_train,median_eff_rank_WWT,median_frob_W,median_trace_WWT,noise_std,noise_var,posterior,train_kernel,vem_steps
l2_q2_train1000,L2_phantom,0,map_vem1,mean,raw,ok,1000,200,2,20,2,2,25,100,50,True,2.3779610476938746,1.3725684881210327,17.15089489996899,0.77,5.7851186266274155,0.85,6.893394019196869,1.0378921999945305,16.11300269997446,59.97261428833008,0.9303421378135681,0.0765165165066719,0.0,0.049787066876888275,1.1046572923660278,0.5158847312138248,0.9187228679656982,10,"{""n_pls"": 5, ""n_pca"": 5, ""n_random"": 0, ""Rv"": 10, ""source_per_column"": [""pls"", ""pls"", ""pls"", ""pls"", ""pls"", ""pca"", ""pca"", ""pca"", ""pca"", ""pca""], ""V_tilde_frob"": 3.162277660168376}",False,9.0,0.5,0.0,0.0,-2.3025851249694824,1,1,1.2354958057403564,1.4142135381698608,2.0,2.0,4.0,False,False,1
l2_q2_train1000,L2_phantom,0,map_vem1,mean,projected,ok,1000,200,2,20,2,2,25,100,50,True,2.2585436302154194,1.2816210985183716,16.369583200023044,0.83,5.843458277196927,0.875,6.962910000505683,1.0378921999945305,15.331691000028513,59.97261428833008,0.9303421378135681,0.0765165165066719,0.0,0.049787066876888275,1.1046572923660278,0.5158847312138248,0.9187228679656982,10,"{""n_pls"": 5, ""n_pca"": 5, ""n_random"": 0, ""Rv"": 10, ""source_per_column"": [""pls"", ""pls"", ""pls"", ""pls"", ""pls"", ""pca"", ""pca"", ""pca"", ""pca"", ""pca""], ""V_tilde_frob"": 3.162277660168376}",False,9.0,0.5,0.0,0.0,-2.3025851249694824,1,1,1.2354958057403564,1.4142135381698608,2.0,2.0,4.0,False,False,1
l2_q2_train1000,L2_phantom,0,map_vem5,mean,raw,ok,1000,200,2,20,2,2,25,100,50,True,2.3599518070988905,1.3466534614562988,19.103256699978374,0.795,5.897248674040294,0.87,7.027005211653748,2.251652200007811,16.851604499970563,60.95185089111328,0.9265036582946777,0.07672448456287384,0.0,0.049787066876888275,1.087354063987732,0.5186891076748914,0.858145534992218,10,"{""n_pls"": 5, ""n_pca"": 5, ""n_random"": 0, ""Rv"": 10, ""source_per_column"": [""pls"", ""pls"", ""pls"", ""pls"", ""pls"", ""pca"", ""pca"", ""pca"", ""pca"", ""pca""], ""V_tilde_frob"": 3.162277660168376}",False,9.0,0.5,0.0,0.0,-2.3025851249694824,1,1,1.2163695096969604,1.4142135381698608,2.0,2.0,4.0,False,False,5
l2_q2_train1000,L2_phantom,0,map_vem5,mean,projected,ok,1000,200,2,20,2,2,25,100,50,True,2.287129048569349,1.3140082359313965,18.097330400021747,0.825,5.888570032634197,0.855,7.016663972584217,2.251652200007811,15.845678200013936,60.95185089111328,0.9265036582946777,0.07672448456287384,0.0,0.049787066876888275,1.087354063987732,0.5186891076748914,0.858145534992218,10,"{""n_pls"": 5, ""n_pca"": 5, ""n_random"": 0, ""Rv"": 10, ""source_per_column"": [""pls"", ""pls"", ""pls"", ""pls"", ""pls"", ""pca"", ""pca"", ""pca"", ""pca"", ""pca""], ""V_tilde_frob"": 3.162277660168376}",False,9.0,0.5,0.0,0.0,-2.3025851249694824,1,1,1.2163695096969604,1.4142135381698608,2.0,2.0,4.0,False,False,5
l2_q2_train1000,L2_phantom,0,post_vem1_boundary,mean,raw,ok,1000,200,2,20,2,2,25,100,50,True,2.273275901640666,1.3043447732925415,17.740253199997824,0.8,5.830994007338703,0.875,6.948057906911808,1.562013900023885,16.17823929997394,78.1023941040039,0.9286636710166931,0.07904856652021408,43.28419876098633,0.07220320403575897,1.0326498746871948,0.5437804784324709,1.1142756938934326,10,"{""n_pls"": 5, ""n_pca"": 5, ""n_random"": 0, ""Rv"": 10, ""source_per_column"": [""pls"", ""pls"", ""pls"", ""pls"", ""pls"", ""pca"", ""pca"", ""pca"", ""pca"", ""pca""], ""V_tilde_frob"": 3.162277660168376}",True,9.0,0.5,0.0,0.0,-2.3025851249694824,2,2,1.366640567779541,1.4142135381698608,2.0,2.0,4.0,True,False,1
l2_q2_train1000,L2_phantom,0,post_vem1_boundary,mean,projected,ok,1000,200,2,20,2,2,25,100,50,True,2.3251772561520294,1.320509910583496,17.864736000075936,0.805,5.835621307612578,0.88,6.953571675270187,1.562013900023885,16.30272210005205,78.1023941040039,0.9286636710166931,0.07904856652021408,43.28419876098633,0.07220320403575897,1.0326498746871948,0.5437804784324709,1.1142756938934326,10,"{""n_pls"": 5, ""n_pca"": 5, ""n_random"": 0, ""Rv"": 10, ""source_per_column"": [""pls"", ""pls"", ""pls"", ""pls"", ""pls"", ""pca"", ""pca"", ""pca"", ""pca"", ""pca""], ""V_tilde_frob"": 3.162277660168376}",True,9.0,0.5,0.0,0.0,-2.3025851249694824,2,2,1.366640567779541,1.4142135381698608,2.0,2.0,4.0,True,False,1
l2_q2_train1000,L2_phantom,0,post_vem1_boundary,posterior,raw,ok,1000,200,2,20,2,2,25,100,50,True,2.321286336812771,1.3222562074661255,35.0113951000385,0.815,5.959281263493331,0.88,7.100921601053727,1.562013900023885,33.449381200014614,78.1023941040039,0.9286636710166931,0.07904856652021408,43.28419876098633,0.07220320403575897,1.0326498746871948,0.5437804784324709,1.1142756938934326,10,"{""n_pls"": 5, ""n_pca"": 5, ""n_random"": 0, ""Rv"": 10, ""source_per_column"": [""pls"", ""pls"", ""pls"", ""pls"", ""pls"", ""pca"", ""pca"", ""pca"", ""pca"", ""pca""], ""V_tilde_frob"": 3.162277660168376}",True,9.0,0.5,0.0,0.0,-2.3025851249694824,2,2,1.366640567779541,1.4142135381698608,2.0,2.0,4.0,True,False,1
l2_q2_train1000,L2_phantom,0,post_vem1_boundary,posterior,projected,ok,1000,200,2,20,2,2,25,100,50,True,2.299784448798244,1.3248883485794067,34.313249900063965,0.815,5.950344851706221,0.88,7.090273209630464,1.562013900023885,32.75123600004008,78.1023941040039,0.9286636710166931,0.07904856652021408,43.28419876098633,0.07220320403575897,1.0326498746871948,0.5437804784324709,1.1142756938934326,10,"{""n_pls"": 5, ""n_pca"": 5, ""n_random"": 0, ""Rv"": 10, ""source_per_column"": [""pls"", ""pls"", ""pls"", ""pls"", ""pls"", ""pca"", ""pca"", ""pca"", ""pca"", ""pca""], ""V_tilde_frob"": 3.162277660168376}",True,9.0,0.5,0.0,0.0,-2.3025851249694824,2,2,1.366640567779541,1.4142135381698608,2.0,2.0,4.0,True,False,1
lh_q5_train1000,LH,0,map_vem1,mean,raw,ok,1000,200,5,30,5,5,35,100,50,True,708.0142174430181,322.2175598144531,55.252683999948204,0.555,120.23593154099102,0.585,143.26994913506581,1.1307539999834262,54.12192999996478,46.32301712036133,0.9471311569213867,0.030085289850831032,0.0,0.049787066876888275,1.0911343097686768,0.377343572026447,1.444717526435852,10,"{""n_pls"": 5, ""n_pca"": 5, ""n_random"": 0, ""Rv"": 10, ""source_per_column"": [""pls"", ""pls"", ""pls"", ""pls"", ""pls"", ""pca"", ""pca"", ""pca"", ""pca"", ""pca""], ""V_tilde_frob"": 3.162277660167648}",False,9.0,0.5,0.0,0.0,-2.3025851249694824,1,1,2.070735454559326,2.2360680103302,5.000000953674316,2.0,4.0,False,False,1
lh_q5_train1000,LH,0,map_vem1,mean,projected,ok,1000,200,5,30,5,5,35,100,50,True,724.5132840477582,338.79376220703125,44.37872779997997,0.56,236.8832882812273,0.595,282.26384765379623,1.1307539999834262,43.247973799996544,46.32301712036133,0.9471311569213867,0.030085289850831032,0.0,0.049787066876888275,1.0911343097686768,0.377343572026447,1.444717526435852,10,"{""n_pls"": 5, ""n_pca"": 5, ""n_random"": 0, ""Rv"": 10, ""source_per_column"": [""pls"", ""pls"", ""pls"", ""pls"", ""pls"", ""pca"", ""pca"", ""pca"", ""pca"", ""pca""], ""V_tilde_frob"": 3.162277660167648}",False,9.0,0.5,0.0,0.0,-2.3025851249694824,1,1,2.070735454559326,2.2360680103302,5.000000953674316,2.0,4.0,False,False,1
lh_q5_train1000,LH,0,map_vem5,mean,raw,ok,1000,200,5,30,5,5,35,100,50,True,741.1544240533943,344.74969482421875,86.01234750001458,0.555,121.25703805471821,0.565,144.48667259209083,2.5191873000003397,83.49316020001424,49.25044631958008,0.9309085607528687,0.03334261476993561,0.0,0.049787066876888275,1.0432500839233398,0.37774086081406666,1.3988820314407349,10,"{""n_pls"": 5, ""n_pca"": 5, ""n_random"": 0, ""Rv"": 10, ""source_per_column"": [""pls"", ""pls"", ""pls"", ""pls"", ""pls"", ""pca"", ""pca"", ""pca"", ""pca"", ""pca""], ""V_tilde_frob"": 3.162277660167648}",False,9.0,0.5,0.0,0.0,-2.3025851249694824,1,1,1.8494603633880615,2.2360680103302,5.000000953674316,2.0,4.0,False,False,5
lh_q5_train1000,LH,0,map_vem5,mean,projected,ok,1000,200,5,30,5,5,35,100,50,True,756.0219520103993,362.8770751953125,46.42715890001273,0.57,221.88918075352507,0.585,264.3972665470725,2.5191873000003397,43.90797160001239,49.25044631958008,0.9309085607528687,0.03334261476993561,0.0,0.049787066876888275,1.0432500839233398,0.37774086081406666,1.3988820314407349,10,"{""n_pls"": 5, ""n_pca"": 5, ""n_random"": 0, ""Rv"": 10, ""source_per_column"": [""pls"", ""pls"", ""pls"", ""pls"", ""pls"", ""pca"", ""pca"", ""pca"", ""pca"", ""pca""], ""V_tilde_frob"": 3.162277660167648}",False,9.0,0.5,0.0,0.0,-2.3025851249694824,1,1,1.8494603633880615,2.2360680103302,5.000000953674316,2.0,4.0,False,False,5
lh_q5_train1000,LH,0,post_vem1_boundary,mean,raw,ok,1000,200,5,30,5,5,35,100,50,True,721.654139152019,331.6689758300781,50.056943400006276,0.49,65.3412382778017,0.505,77.85888764284533,1.7826878000050783,48.2742556000012,62.67552947998047,0.9436913728713989,0.03360159695148468,129.1197052001953,0.04487994685769081,0.9101165533065796,0.38630517778898876,1.551400899887085,10,"{""n_pls"": 5, ""n_pca"": 5, ""n_random"": 0, ""Rv"": 10, ""source_per_column"": [""pls"", ""pls"", ""pls"", ""pls"", ""pls"", ""pca"", ""pca"", ""pca"", ""pca"", ""pca""], ""V_tilde_frob"": 3.162277660167648}",True,9.0,0.5,0.0,0.0,-2.3025851249694824,2,2,2.053617477416992,2.2360680103302,5.000000953674316,2.0,4.0,True,False,1
lh_q5_train1000,LH,0,post_vem1_boundary,mean,projected,ok,1000,200,5,30,5,5,35,100,50,True,675.2929831656854,297.648193359375,48.16158950002864,0.595,253.5200541778161,0.615,302.08777693373594,1.7826878000050783,46.37890170002356,62.67552947998047,0.9436913728713989,0.03360159695148468,129.1197052001953,0.04487994685769081,0.9101165533065796,0.38630517778898876,1.551400899887085,10,"{""n_pls"": 5, ""n_pca"": 5, ""n_random"": 0, ""Rv"": 10, ""source_per_column"": [""pls"", ""pls"", ""pls"", ""pls"", ""pls"", ""pca"", ""pca"", ""pca"", ""pca"", ""pca""], ""V_tilde_frob"": 3.162277660167648}",True,9.0,0.5,0.0,0.0,-2.3025851249694824,2,2,2.053617477416992,2.2360680103302,5.000000953674316,2.0,4.0,True,False,1
lh_q5_train1000,LH,0,post_vem1_boundary,posterior,raw,ok,1000,200,5,30,5,5,35,100,50,True,662.3927598254577,288.4427795410156,94.16810409998288,0.625,348.87678344049726,0.635,415.7123280646346,1.7826878000050783,92.3854162999778,62.67552947998047,0.9436913728713989,0.03360159695148468,129.1197052001953,0.04487994685769081,0.9101165533065796,0.38630517778898876,1.551400899887085,10,"{""n_pls"": 5, ""n_pca"": 5, ""n_random"": 0, ""Rv"": 10, ""source_per_column"": [""pls"", ""pls"", ""pls"", ""pls"", ""pls"", ""pca"", ""pca"", ""pca"", ""pca"", ""pca""], ""V_tilde_frob"": 3.162277660167648}",True,9.0,0.5,0.0,0.0,-2.3025851249694824,2,2,2.053617477416992,2.2360680103302,5.000000953674316,2.0,4.0,True,False,1
lh_q5_train1000,LH,0,post_vem1_boundary,posterior,projected,ok,1000,200,5,30,5,5,35,100,50,True,654.5469844136487,291.399169921875,82.72889289999148,0.695,434.70439978801596,0.705,517.9822408178019,1.7826878000050783,80.9462050999864,62.67552947998047,0.9436913728713989,0.03360159695148468,129.1197052001953,0.04487994685769081,0.9101165533065796,0.38630517778898876,1.551400899887085,10,"{""n_pls"": 5, ""n_pca"": 5, ""n_random"": 0, ""Rv"": 10, ""source_per_column"": [""pls"", ""pls"", ""pls"", ""pls"", ""pls"", ""pca"", ""pca"", ""pca"", ""pca"", ""pca""], ""V_tilde_frob"": 3.162277660167648}",True,9.0,0.5,0.0,0.0,-2.3025851249694824,2,2,2.053617477416992,2.2360680103302,5.000000953674316,2.0,4.0,True,False,1
l2_q2_train1000,L2_phantom,0,post_vem1_trainhyp_boundary,mean,raw,ok,1000,200,2,20,2,2,25,100,50,True,2.2901025687917986,1.288611650466919,19.272249300032854,0.8,5.978249168445057,0.895,7.123523253844232,1.5770721000153571,17.695177200017497,66.28326416015625,0.9685401916503906,0.0501064732670784,44.303428649902344,0.06609572470188141,1.0146915912628174,0.5416659143579637,1.1420427560806274,10,"{""n_pls"": 5, ""n_pca"": 5, ""n_random"": 0, ""Rv"": 10, ""source_per_column"": [""pls"", ""pls"", ""pls"", ""pls"", ""pls"", ""pca"", ""pca"", ""pca"", ""pca"", ""pca""], ""V_tilde_frob"": 3.162277660168376}",True,9.0,0.5,0.2198793739080429,-0.4579564332962036,-1.8181172609329224,2,2,1.3914029598236084,1.4142135381698608,2.0,2.0,4.0,True,True,1
l2_q2_train1000,L2_phantom,0,post_vem1_trainhyp_boundary,mean,projected,ok,1000,200,2,20,2,2,25,100,50,True,2.373153978991446,1.340832233428955,18.06841180002084,0.815,6.0330609407432165,0.865,7.188835508912368,1.5770721000153571,16.491339700005483,66.28326416015625,0.9685401916503906,0.0501064732670784,44.303428649902344,0.06609572470188141,1.0146915912628174,0.5416659143579637,1.1420427560806274,10,"{""n_pls"": 5, ""n_pca"": 5, ""n_random"": 0, ""Rv"": 10, ""source_per_column"": [""pls"", ""pls"", ""pls"", ""pls"", ""pls"", ""pca"", ""pca"", ""pca"", ""pca"", ""pca""], ""V_tilde_frob"": 3.162277660168376}",True,9.0,0.5,0.2198793739080429,-0.4579564332962036,-1.8181172609329224,2,2,1.3914029598236084,1.4142135381698608,2.0,2.0,4.0,True,True,1
l2_q2_train1000,L2_phantom,0,post_vem1_trainhyp_boundary,posterior,raw,ok,1000,200,2,20,2,2,25,100,50,True,2.3012985069416567,1.3002978563308716,37.110973300004844,0.815,5.945849967899157,0.885,7.0849172252242,1.5770721000153571,35.53390119998949,66.28326416015625,0.9685401916503906,0.0501064732670784,44.303428649902344,0.06609572470188141,1.0146915912628174,0.5416659143579637,1.1420427560806274,10,"{""n_pls"": 5, ""n_pca"": 5, ""n_random"": 0, ""Rv"": 10, ""source_per_column"": [""pls"", ""pls"", ""pls"", ""pls"", ""pls"", ""pca"", ""pca"", ""pca"", ""pca"", ""pca""], ""V_tilde_frob"": 3.162277660168376}",True,9.0,0.5,0.2198793739080429,-0.4579564332962036,-1.8181172609329224,2,2,1.3914029598236084,1.4142135381698608,2.0,2.0,4.0,True,True,1
l2_q2_train1000,L2_phantom,0,post_vem1_trainhyp_boundary,posterior,projected,ok,1000,200,2,20,2,2,25,100,50,True,2.273518113908497,1.3052388429641724,35.06182980001904,0.815,5.864743364343855,0.88,6.988272746182388,1.5770721000153571,33.484757700003684,66.28326416015625,0.9685401916503906,0.0501064732670784,44.303428649902344,0.06609572470188141,1.0146915912628174,0.5416659143579637,1.1420427560806274,10,"{""n_pls"": 5, ""n_pca"": 5, ""n_random"": 0, ""Rv"": 10, ""source_per_column"": [""pls"", ""pls"", ""pls"", ""pls"", ""pls"", ""pca"", ""pca"", ""pca"", ""pca"", ""pca""], ""V_tilde_frob"": 3.162277660168376}",True,9.0,0.5,0.2198793739080429,-0.4579564332962036,-1.8181172609329224,2,2,1.3914029598236084,1.4142135381698608,2.0,2.0,4.0,True,True,1
lh_q5_train1000,LH,0,post_vem1_trainhyp_boundary,mean,raw,ok,1000,200,5,30,5,5,35,100,50,True,732.8341598887099,346.5252380371094,49.24014489998808,0.535,103.23094664330276,0.535,123.0072598531703,1.564434900006745,47.675709999981336,51.226158142089844,0.9409560561180115,0.03671566769480705,130.68215942382812,0.04371676966547966,0.9751784801483154,0.3951419833499645,1.619785189628601,10,"{""n_pls"": 5, ""n_pca"": 5, ""n_random"": 0, ""Rv"": 10, ""source_per_column"": [""pls"", ""pls"", ""pls"", ""pls"", ""pls"", ""pca"", ""pca"", ""pca"", ""pca"", ""pca""], ""V_tilde_frob"": 3.162277660167648}",True,9.0,0.5,0.2671142518520355,0.2203703075647354,-3.0822792053222656,2,2,1.902738094329834,2.2360680103302,5.000000953674316,2.0,4.0,True,True,1
lh_q5_train1000,LH,0,post_vem1_trainhyp_boundary,mean,projected,ok,1000,200,5,30,5,5,35,100,50,True,754.0404748463742,364.9835510253906,42.48110380000435,0.585,302.2873987279771,0.6,360.19765210671466,1.564434900006745,40.9166688999976,51.226158142089844,0.9409560561180115,0.03671566769480705,130.68215942382812,0.04371676966547966,0.9751784801483154,0.3951419833499645,1.619785189628601,10,"{""n_pls"": 5, ""n_pca"": 5, ""n_random"": 0, ""Rv"": 10, ""source_per_column"": [""pls"", ""pls"", ""pls"", ""pls"", ""pls"", ""pca"", ""pca"", ""pca"", ""pca"", ""pca""], ""V_tilde_frob"": 3.162277660167648}",True,9.0,0.5,0.2671142518520355,0.2203703075647354,-3.0822792053222656,2,2,1.902738094329834,2.2360680103302,5.000000953674316,2.0,4.0,True,True,1
lh_q5_train1000,LH,0,post_vem1_trainhyp_boundary,posterior,raw,ok,1000,200,5,30,5,5,35,100,50,True,684.2750932285011,313.6009521484375,94.48998119996395,0.67,508.784128682936,0.69,606.2536822637088,1.564434900006745,92.9255462999572,51.226158142089844,0.9409560561180115,0.03671566769480705,130.68215942382812,0.04371676966547966,0.9751784801483154,0.3951419833499645,1.619785189628601,10,"{""n_pls"": 5, ""n_pca"": 5, ""n_random"": 0, ""Rv"": 10, ""source_per_column"": [""pls"", ""pls"", ""pls"", ""pls"", ""pls"", ""pca"", ""pca"", ""pca"", ""pca"", ""pca""], ""V_tilde_frob"": 3.162277660167648}",True,9.0,0.5,0.2671142518520355,0.2203703075647354,-3.0822792053222656,2,2,1.902738094329834,2.2360680103302,5.000000953674316,2.0,4.0,True,True,1
lh_q5_train1000,LH,0,post_vem1_trainhyp_boundary,posterior,projected,ok,1000,200,5,30,5,5,35,100,50,True,673.1974348611305,303.13665771484375,81.73947929998394,0.685,517.285160073011,0.71,616.383285945753,1.564434900006745,80.1750443999772,51.226158142089844,0.9409560561180115,0.03671566769480705,130.68215942382812,0.04371676966547966,0.9751784801483154,0.3951419833499645,1.619785189628601,10,"{""n_pls"": 5, ""n_pca"": 5, ""n_random"": 0, ""Rv"": 10, ""source_per_column"": [""pls"", ""pls"", ""pls"", ""pls"", ""pls"", ""pca"", ""pca"", ""pca"", ""pca"", ""pca""], ""V_tilde_frob"": 3.162277660167648}",True,9.0,0.5,0.2671142518520355,0.2203703075647354,-3.0822792053222656,2,2,1.902738094329834,2.2360680103302,5.000000953674316,2.0,4.0,True,True,1
