setting,family,expansion,caseno,seed,method,N_train,N_test,d,D,Q_true,Q,n,standardize_x,noise_std,noise_var,lengthscale,kernel_var,rmse,mean_crps,wall_sec,coverage_90,mean_width_90,coverage_95,mean_width_95,status,error,cem_jgp_elapsed_sec,cem_map_train_time_sec,cem_vi_train_time_sec,dkl_epochs,lmjgp_steps,n_bad_sig2,pca_explained_variance_sum,truth_diag_skipped,vi_anchor_var_mean,vi_best_loss,vi_kl,vi_query_var_mean,xgb_boots
l2_q2_train200,L2_phantom,rff,6,0,xgb_bootstrap,200,200,2,20,2,2,25,True,2.0,4.0,0.5,9.0,2.4929897146254434,1.438686490058899,2.9191300999955274,0.665,4.698487430022322,0.76,5.59859308680577,ok,,,,,,,,,,,,,,30
l2_q2_train200,L2_phantom,rff,6,0,dkl_svgp,200,200,2,20,2,2,25,True,2.0,4.0,0.5,9.0,2.462644338607788,1.6954138278961182,1.071910900005605,0.3,2.0135706142637493,0.355,2.3993173736677886,ok,,,,,80,,,,,,,,,
l2_q2_train200,L2_phantom,rff,6,0,jgp_pca,200,200,2,20,2,2,25,True,2.0,4.0,0.5,9.0,3.2735917007229314,1.7400071620941162,12.056943500007037,0.71,6.6326501538638105,0.785,7.90329012297618,ok,,,,,,,0,0.7984360060696504,,,,,,
l2_q2_train200,L2_phantom,rff,6,0,lmjgp_baseline,200,200,2,20,2,2,25,True,2.0,4.0,0.5,9.0,3.0273165702819824,1.6052212715148926,57.721477031707764,0.785,6.978002930742884,0.845,8.314803338227065,ok,,,,,,300,,,,,,,,
l2_q2_train200,L2_phantom,rff,6,0,lmjgp_pls_kl,200,200,2,20,2,2,25,True,2.0,4.0,0.5,9.0,3.069080114364624,1.6086621284484863,60.99504940002225,0.795,7.299114721908768,0.865,8.697431637416663,ok,,,,,,300,,,True,,,,,
l2_q2_train200,L2_phantom,rff,6,0,cem_em_transductive_vi_fullcov_ensemble,200,200,2,20,2,2,25,True,2.0,4.0,0.5,9.0,3.1884943317805488,1.6449453830718994,320.77071220002836,0.765,6.705848106184833,0.825,7.9905108628283825,ok,,33.883202800003346,209.5098197000334,77.3776896999916,,,,,,0.008512400090694427,2631.793701171875,509998.4375,-0.0010115626500919461,
l2_q2_train200,L2_phantom,rff,6,1,xgb_bootstrap,200,200,2,20,2,2,25,True,2.0,4.0,0.5,9.0,2.919117096456514,1.6401488780975342,3.390220200002659,0.615,4.6724070918856535,0.685,5.567516447149246,ok,,,,,,,,,,,,,,30
l2_q2_train200,L2_phantom,rff,6,1,dkl_svgp,200,200,2,20,2,2,25,True,2.0,4.0,0.5,9.0,2.7238526344299316,1.7503817081451416,0.9713051000144333,0.315,1.991767658654739,0.405,2.3733375496579243,ok,,,,,80,,,,,,,,,
l2_q2_train200,L2_phantom,rff,6,1,jgp_pca,200,200,2,20,2,2,25,True,2.0,4.0,0.5,9.0,3.2176659351228936,1.6714978218078613,10.11331370001426,0.73,5.526009372295323,0.78,6.584646299502711,ok,,,,,,,0,0.8160669637717097,,,,,,
l2_q2_train200,L2_phantom,rff,6,1,lmjgp_baseline,200,200,2,20,2,2,25,True,2.0,4.0,0.5,9.0,2.9694085121154785,1.5281238555908203,56.359612226486206,0.84,7.136710429622153,0.88,8.503914987302073,ok,,,,,,300,,,,,,,,
l2_q2_train200,L2_phantom,rff,6,1,lmjgp_pls_kl,200,200,2,20,2,2,25,True,2.0,4.0,0.5,9.0,2.8780694007873535,1.5135406255722046,60.03949830000056,0.82,6.9464154114322465,0.885,8.277164487453119,ok,,,,,,300,,,True,,,,,
l2_q2_train200,L2_phantom,rff,6,1,cem_em_transductive_vi_fullcov_ensemble,200,200,2,20,2,2,25,True,2.0,4.0,0.5,9.0,3.1431118292232383,1.6657272577285767,324.98424040008103,0.745,6.079563219280922,0.82,7.2442463914611555,ok,,34.18663130002096,211.09781400003703,79.69979510002304,,,,,,0.002080711768940091,3247.65625,617181.0625,0.005588773172348738,
l2_q2_train200,L2_phantom,rff,6,2,xgb_bootstrap,200,200,2,20,2,2,25,True,2.0,4.0,0.5,9.0,2.4643457440381518,1.4002925157546997,3.337879400001839,0.71,5.077136844037703,0.77,6.049781692330996,ok,,,,,,,,,,,,,,30
l2_q2_train200,L2_phantom,rff,6,2,dkl_svgp,200,200,2,20,2,2,25,True,2.0,4.0,0.5,9.0,2.4103517532348633,1.5973376035690308,0.9285632999963127,0.32,2.0850274575576115,0.395,2.484463454151839,ok,,,,,80,,,,,,,,,
l2_q2_train200,L2_phantom,rff,6,2,jgp_pca,200,200,2,20,2,2,25,True,2.0,4.0,0.5,9.0,2.8154679455216516,1.5449981689453125,10.499459200014826,0.795,7.113664238317865,0.855,8.476453756590049,ok,,,,,,,0,0.7099882319155482,,,,,,
l2_q2_train200,L2_phantom,rff,6,2,lmjgp_baseline,200,200,2,20,2,2,25,True,2.0,4.0,0.5,9.0,2.411048650741577,1.3088738918304443,58.50496053695679,0.855,7.160798113093572,0.91,8.53261723247539,ok,,,,,,300,,,,,,,,
l2_q2_train200,L2_phantom,rff,6,2,lmjgp_pls_kl,200,200,2,20,2,2,25,True,2.0,4.0,0.5,9.0,2.3767249584198,1.2901182174682617,59.40282670001034,0.86,7.1303694676815255,0.9,8.496359265122706,ok,,,,,,300,,,True,,,,,
l2_q2_train200,L2_phantom,rff,6,2,cem_em_transductive_vi_fullcov_ensemble,200,200,2,20,2,2,25,True,2.0,4.0,0.5,9.0,2.5013253211404507,1.317192554473877,326.33658079995075,0.83,6.336842118976281,0.875,7.550813109084275,ok,,36.960864099964965,212.21516289998544,77.16055380000034,,,,,,0.002756478963419795,1332.1072998046875,251723.1875,0.005789484363049269,
l2_q2_train200,L2_phantom,rff,6,3,xgb_bootstrap,200,200,2,20,2,2,25,True,2.0,4.0,0.5,9.0,2.6245771884622258,1.5304741859436035,3.461055399966426,0.605,4.320983774525944,0.705,5.148769736763118,ok,,,,,,,,,,,,,,30
l2_q2_train200,L2_phantom,rff,6,3,dkl_svgp,200,200,2,20,2,2,25,True,2.0,4.0,0.5,9.0,2.6567904949188232,1.8657140731811523,1.042213000007905,0.225,1.8315716546694438,0.25,2.182452237351848,ok,,,,,80,,,,,,,,,
l2_q2_train200,L2_phantom,rff,6,3,jgp_pca,200,200,2,20,2,2,25,True,2.0,4.0,0.5,9.0,2.4810297307090967,1.4149413108825684,10.160642899980303,0.71,5.003292093863035,0.78,5.961790245299958,ok,,,,,,,0,0.8102691321927965,,,,,,
l2_q2_train200,L2_phantom,rff,6,3,lmjgp_baseline,200,200,2,20,2,2,25,True,2.0,4.0,0.5,9.0,2.512847661972046,1.3799256086349487,58.358561515808105,0.84,6.533975794210871,0.88,7.785712371407032,ok,,,,,,300,,,,,,,,
l2_q2_train200,L2_phantom,rff,6,3,lmjgp_pls_kl,200,200,2,20,2,2,25,True,2.0,4.0,0.5,9.0,2.433410167694092,1.3545178174972534,59.23200449999422,0.8,6.219264983796551,0.875,7.410711311221098,ok,,,,,,300,,,True,,,,,
l2_q2_train200,L2_phantom,rff,6,3,cem_em_transductive_vi_fullcov_ensemble,200,200,2,20,2,2,25,True,2.0,4.0,0.5,9.0,2.440177914421619,1.3822511434555054,322.9010893999948,0.735,5.403998364187897,0.835,6.439261216180015,ok,,31.38727230002405,213.9867047999869,77.52711229998386,,,,,,0.005571804940700531,1139.582763671875,216059.796875,0.0038842950016260147,
l2_q2_train200,L2_phantom,rff,6,4,xgb_bootstrap,200,200,2,20,2,2,25,True,2.0,4.0,0.5,9.0,2.9217588913430728,1.658889889717102,3.316769099968951,0.64,5.207992158501048,0.705,6.205705416686429,ok,,,,,,,,,,,,,,30
l2_q2_train200,L2_phantom,rff,6,4,dkl_svgp,200,200,2,20,2,2,25,True,2.0,4.0,0.5,9.0,3.274970531463623,2.075866937637329,0.9491354000056162,0.285,2.138420054205577,0.36,2.5480846571308766,ok,,,,,80,,,,,,,,,
l2_q2_train200,L2_phantom,rff,6,4,jgp_pca,200,200,2,20,2,2,25,True,2.0,4.0,0.5,9.0,3.5124100418656536,1.944564938545227,9.963560400006827,0.655,5.391306483482512,0.715,6.424137907533557,ok,,,,,,,0,0.7829963793147996,,,,,,
l2_q2_train200,L2_phantom,rff,6,4,lmjgp_baseline,200,200,2,20,2,2,25,True,2.0,4.0,0.5,9.0,3.0290329456329346,1.6333914995193481,55.83615803718567,0.775,6.98429437430048,0.825,8.322300055613711,ok,,,,,,300,,,,,,,,
l2_q2_train200,L2_phantom,rff,6,4,lmjgp_pls_kl,200,200,2,20,2,2,25,True,2.0,4.0,0.5,9.0,2.9419524669647217,1.6040202379226685,58.546030100027565,0.755,6.949484317601597,0.825,8.280821314702244,ok,,,,,,300,,,True,,,,,
l2_q2_train200,L2_phantom,rff,6,4,cem_em_transductive_vi_fullcov_ensemble,200,200,2,20,2,2,25,True,2.0,4.0,0.5,9.0,3.0377502120622166,1.6372580528259277,322.38832349999575,0.73,5.6893197248026555,0.775,6.779242586960911,ok,,34.448812999995425,210.16415219998453,77.7753583000158,,,,,,0.004673399031162262,2862.626708984375,548143.75,0.004397427663207054,
l2_q2_train500,L2_phantom,rff,6,0,xgb_bootstrap,500,200,2,20,2,2,25,True,2.0,4.0,0.5,9.0,2.431057624435243,1.355838656425476,4.296384500048589,0.695,4.794364490472158,0.77,5.7128376507877485,ok,,,,,,,,,,,,,,30
l2_q2_train500,L2_phantom,rff,6,0,dkl_svgp,500,200,2,20,2,2,25,True,2.0,4.0,0.5,9.0,2.189764976501465,1.3869539499282837,1.012014000036288,0.41,2.033666339281568,0.475,2.4232629069558436,ok,,,,,80,,,,,,,,,
l2_q2_train500,L2_phantom,rff,6,0,jgp_pca,500,200,2,20,2,2,25,True,2.0,4.0,0.5,9.0,2.6811619162494558,1.4134107828140259,10.272613500012085,0.78,5.733516107199367,0.84,6.8319058247865545,ok,,,,,,,0,0.7846437899571364,,,,,,
l2_q2_train500,L2_phantom,rff,6,0,lmjgp_baseline,500,200,2,20,2,2,25,True,2.0,4.0,0.5,9.0,2.491248846054077,1.2945977449417114,56.28679013252258,0.85,6.306447849848012,0.9,7.514596103600184,ok,,,,,,300,,,,,,,,
l2_q2_train500,L2_phantom,rff,6,0,lmjgp_pls_kl,500,200,2,20,2,2,25,True,2.0,4.0,0.5,9.0,2.587432622909546,1.3364207744598389,57.04363590001594,0.85,6.185329745211993,0.88,7.370274980387347,ok,,,,,,300,,,True,,,,,
l2_q2_train500,L2_phantom,rff,6,0,cem_em_transductive_vi_fullcov_ensemble,500,200,2,20,2,2,25,True,2.0,4.0,0.5,9.0,2.6519410110731862,1.3736764192581177,314.79490650002845,0.795,5.817587481908476,0.855,6.932083046553102,ok,,31.04115930001717,206.52819090004778,77.2255562999635,,,,,,0.008109946735203266,1185.1749267578125,191497.46875,0.0016707126051187515,
l2_q2_train500,L2_phantom,rff,6,1,xgb_bootstrap,500,200,2,20,2,2,25,True,2.0,4.0,0.5,9.0,2.595476779441854,1.4819540977478027,4.61857669998426,0.64,4.719575061254008,0.735,5.6237205492475,ok,,,,,,,,,,,,,,30
l2_q2_train500,L2_phantom,rff,6,1,dkl_svgp,500,200,2,20,2,2,25,True,2.0,4.0,0.5,9.0,2.4284911155700684,1.5431082248687744,1.029840100032743,0.355,2.0040510893498835,0.42,2.387974160098269,ok,,,,,80,,,,,,,,,
l2_q2_train500,L2_phantom,rff,6,1,jgp_pca,500,200,2,20,2,2,25,True,2.0,4.0,0.5,9.0,2.722000290484027,1.4810596704483032,9.746627799991984,0.74,5.771966743246544,0.82,6.8777225835548075,ok,,,,,,,0,0.8027126468183132,,,,,,
l2_q2_train500,L2_phantom,rff,6,1,lmjgp_baseline,500,200,2,20,2,2,25,True,2.0,4.0,0.5,9.0,2.6588637828826904,1.3985775709152222,57.02044343948364,0.825,6.32028005642527,0.88,7.531078194330891,ok,,,,,,300,,,,,,,,
l2_q2_train500,L2_phantom,rff,6,1,lmjgp_pls_kl,500,200,2,20,2,2,25,True,2.0,4.0,0.5,9.0,2.6797499656677246,1.402138590812683,56.966935299977195,0.82,6.2456632779322385,0.88,7.442166818818532,ok,,,,,,300,,,True,,,,,
l2_q2_train500,L2_phantom,rff,6,1,cem_em_transductive_vi_fullcov_ensemble,500,200,2,20,2,2,25,True,2.0,4.0,0.5,9.0,2.5940019570159194,1.3668326139450073,314.80223670002306,0.815,6.0381385980194455,0.875,7.194885910737903,ok,,32.215238599979784,205.5884151000064,76.99858300003689,,,,,,0.006470908876508474,573.4631958007812,102465.09375,0.010962833650410175,
l2_q2_train500,L2_phantom,rff,6,2,xgb_bootstrap,500,200,2,20,2,2,25,True,2.0,4.0,0.5,9.0,2.283978796970853,1.2663373947143555,5.716684899991378,0.785,5.20034760465578,0.84,6.1965963689455865,ok,,,,,,,,,,,,,,30
l2_q2_train500,L2_phantom,rff,6,2,dkl_svgp,500,200,2,20,2,2,25,True,2.0,4.0,0.5,9.0,2.287106990814209,1.4380059242248535,1.1271179000032134,0.37,2.071367169648445,0.445,2.468186217149275,ok,,,,,80,,,,,,,,,
l2_q2_train500,L2_phantom,rff,6,2,jgp_pca,500,200,2,20,2,2,25,True,2.0,4.0,0.5,9.0,2.4296103588701663,1.3166710138320923,9.320796100015286,0.8,5.731441292731929,0.84,6.829433530860729,ok,,,,,,,0,0.7719902007646877,,,,,,
l2_q2_train500,L2_phantom,rff,6,2,lmjgp_baseline,500,200,2,20,2,2,25,True,2.0,4.0,0.5,9.0,2.1029117107391357,1.145121455192566,59.10798096656799,0.895,6.486871024268214,0.95,7.729583576069319,ok,,,,,,300,,,,,,,,
l2_q2_train500,L2_phantom,rff,6,2,lmjgp_pls_kl,500,200,2,20,2,2,25,True,2.0,4.0,0.5,9.0,2.1202828884124756,1.1389271020889282,58.60017109999899,0.88,6.305999577367135,0.93,7.5140619539935685,ok,,,,,,300,,,True,,,,,
l2_q2_train500,L2_phantom,rff,6,2,cem_em_transductive_vi_fullcov_ensemble,500,200,2,20,2,2,25,True,2.0,4.0,0.5,9.0,2.314421912538711,1.2145724296569824,318.1647745000664,0.855,6.066455898779973,0.92,7.2286280557656575,ok,,32.872384800051805,208.11409739998635,77.17829230002826,,,,,,0.005856862757354975,838.4285888671875,152855.765625,0.0025022225454449654,
l2_q2_train500,L2_phantom,rff,6,3,xgb_bootstrap,500,200,2,20,2,2,25,True,2.0,4.0,0.5,9.0,2.327282010042549,1.3064213991165161,4.287372799997684,0.745,4.90376889925886,0.785,5.843201044501541,ok,,,,,,,,,,,,,,30
l2_q2_train500,L2_phantom,rff,6,3,dkl_svgp,500,200,2,20,2,2,25,True,2.0,4.0,0.5,9.0,2.4488461017608643,1.4950021505355835,1.1218752000131644,0.39,1.9143557267796358,0.465,2.2810955434618636,ok,,,,,80,,,,,,,,,
l2_q2_train500,L2_phantom,rff,6,3,jgp_pca,500,200,2,20,2,2,25,True,2.0,4.0,0.5,9.0,2.3175098716807927,1.267135500907898,9.619709299993701,0.82,6.036811480322916,0.855,7.19330455246637,ok,,,,,,,0,0.8569008166547493,,,,,,
l2_q2_train500,L2_phantom,rff,6,3,lmjgp_baseline,500,200,2,20,2,2,25,True,2.0,4.0,0.5,9.0,2.300053834915161,1.2380623817443848,55.75302743911743,0.87,7.000806138137222,0.9,8.341975035752357,ok,,,,,,300,,,,,,,,
l2_q2_train500,L2_phantom,rff,6,3,lmjgp_pls_kl,500,200,2,20,2,2,25,True,2.0,4.0,0.5,9.0,2.294691324234009,1.2532364130020142,58.35097189998487,0.845,6.9038759981237,0.885,8.226475650074473,ok,,,,,,300,,,True,,,,,
l2_q2_train500,L2_phantom,rff,6,3,cem_em_transductive_vi_fullcov_ensemble,500,200,2,20,2,2,25,True,2.0,4.0,0.5,9.0,2.3529870047556125,1.2684379816055298,313.77605849999236,0.845,6.631721595032124,0.89,7.902183676884071,ok,,31.033372800040524,205.86379129998386,76.87889439996798,,,,,,0.006435967981815338,144.29214477539062,19001.6015625,0.004020954482257366,
l2_q2_train500,L2_phantom,rff,6,4,xgb_bootstrap,500,200,2,20,2,2,25,True,2.0,4.0,0.5,9.0,2.2780943120093697,1.2934640645980835,4.328404100029729,0.75,4.971810830605392,0.79,5.924278006422411,ok,,,,,,,,,,,,,,30
l2_q2_train500,L2_phantom,rff,6,4,dkl_svgp,500,200,2,20,2,2,25,True,2.0,4.0,0.5,9.0,2.3405635356903076,1.5106877088546753,1.1231682000216097,0.43,2.4638809618576287,0.49,2.9358952482507625,ok,,,,,80,,,,,,,,,
l2_q2_train500,L2_phantom,rff,6,4,jgp_pca,500,200,2,20,2,2,25,True,2.0,4.0,0.5,9.0,2.3584441237633937,1.3051135540008545,9.121804199996404,0.785,5.798644000635372,0.85,6.909510496370682,ok,,,,,,,0,0.6773315952529488,,,,,,
l2_q2_train500,L2_phantom,rff,6,4,lmjgp_baseline,500,200,2,20,2,2,25,True,2.0,4.0,0.5,9.0,2.4581706523895264,1.3345696926116943,56.436803102493286,0.82,6.862323209770656,0.91,8.17696244884202,ok,,,,,,300,,,,,,,,
l2_q2_train500,L2_phantom,rff,6,4,lmjgp_pls_kl,500,200,2,20,2,2,25,True,2.0,4.0,0.5,9.0,2.3096280097961426,1.2712290287017822,58.862933000025805,0.83,6.805195292453641,0.915,8.108890336759528,ok,,,,,,300,,,True,,,,,
l2_q2_train500,L2_phantom,rff,6,4,cem_em_transductive_vi_fullcov_ensemble,500,200,2,20,2,2,25,True,2.0,4.0,0.5,9.0,2.4182618033045626,1.3268243074417114,318.32399900001474,0.785,6.224686568965105,0.87,7.417171528407216,ok,,32.653154300001916,206.78127030003816,78.88957439997466,,,,,,0.008299564942717552,1216.75439453125,230724.359375,0.0038287932984530926,
lh_q5_train200,LH,rff,0,0,xgb_bootstrap,200,200,5,30,5,5,35,True,2.0,4.0,0.5,9.0,882.1715315679846,533.6972045898438,3.2810624999692664,0.615,898.9017943920279,0.63,1071.1075525377323,ok,,,,,,,,,,,,,,30
lh_q5_train200,LH,rff,0,0,dkl_svgp,200,200,5,30,5,5,35,True,2.0,4.0,0.5,9.0,765.8496704101562,465.0387878417969,0.909287599963136,0.455,201.9028059664675,0.475,240.58203209563152,ok,,,,,80,,,,,,,,,
lh_q5_train200,LH,rff,0,0,jgp_pca,200,200,5,30,5,5,35,True,2.0,4.0,0.5,9.0,1008.6618890757142,636.6718139648438,32.33842960000038,0.255,281.3368880377534,0.28,335.2335788677702,ok,,,,,,,0,0.5004226146202712,,,,,,
lh_q5_train200,LH,rff,0,0,lmjgp_baseline,200,200,5,30,5,5,35,True,2.0,4.0,0.5,9.0,783.3361206054688,425.1103820800781,173.44562292099,0.745,1486.1587743928644,0.79,1770.867404485553,ok,,,,,,300,,,,,,,,
lh_q5_train200,LH,rff,0,0,lmjgp_pls_kl,200,200,5,30,5,5,35,True,2.0,4.0,0.5,9.0,831.28369140625,467.2977294921875,172.8256200000178,0.735,1431.6041325507686,0.77,1705.8615392535432,ok,,,,,,300,,,True,,,,,
lh_q5_train200,LH,rff,0,0,cem_em_transductive_vi_fullcov_ensemble,200,200,5,30,5,5,35,True,2.0,4.0,0.5,9.0,811.6287571671747,428.0631103515625,353.74770520004677,0.5,587.4856891997571,0.53,700.0323757672492,ok,,97.22996210004203,176.9109058000031,79.60683730000164,,,,,,0.009212507866322994,7133.10791015625,28694.685546875,0.009209862910211086,
lh_q5_train200,LH,rff,0,1,xgb_bootstrap,200,200,5,30,5,5,35,True,2.0,4.0,0.5,9.0,570.4761660606946,227.34210205078125,2.967223700019531,0.79,151.90048055741806,0.805,181.00058646473698,ok,,,,,,,,,,,,,,30
lh_q5_train200,LH,rff,0,1,dkl_svgp,200,200,5,30,5,5,35,True,2.0,4.0,0.5,9.0,518.5944213867188,212.8748779296875,0.9098919000243768,0.655,65.8868246149367,0.665,78.50899386124703,ok,,,,,80,,,,,,,,,
lh_q5_train200,LH,rff,0,1,jgp_pca,200,200,5,30,5,5,35,True,2.0,4.0,0.5,9.0,574.742758608842,228.10879516601562,34.88006889994722,0.505,17.723072167936643,0.525,21.118343040006465,ok,,,,,,,0,0.5651906149236983,,,,,,
lh_q5_train200,LH,rff,0,1,lmjgp_baseline,200,200,5,30,5,5,35,True,2.0,4.0,0.5,9.0,568.1085815429688,222.99221801757812,168.27674007415771,0.675,68.731796533627,0.71,81.89898699273029,ok,,,,,,300,,,,,,,,
lh_q5_train200,LH,rff,0,1,lmjgp_pls_kl,200,200,5,30,5,5,35,True,2.0,4.0,0.5,9.0,563.544677734375,220.29608154296875,169.38470530003542,0.7,97.54379033727993,0.725,116.23059513868539,ok,,,,,,300,,,True,,,,,
lh_q5_train200,LH,rff,0,1,cem_em_transductive_vi_fullcov_ensemble,200,200,5,30,5,5,35,True,2.0,4.0,0.5,9.0,561.6184422238788,217.47543334960938,491.12599229998887,0.585,20.291360257884286,0.605,24.17864705474727,ok,,98.7233441999997,314.8927230000263,77.50992509996286,,,,,,0.0032924048136919737,237.82774353027344,31792.853515625,0.003049752674996853,
lh_q5_train200,LH,rff,0,2,xgb_bootstrap,200,200,5,30,5,5,35,True,2.0,4.0,0.5,9.0,398.07960646786074,127.83871459960938,3.249829599983059,0.885,225.84187819975415,0.89,269.10719605657584,ok,,,,,,,,,,,,,,30
lh_q5_train200,LH,rff,0,2,dkl_svgp,200,200,5,30,5,5,35,True,2.0,4.0,0.5,9.0,377.1407775878906,125.13902282714844,0.9505740000167862,0.74,63.26017325346218,0.745,75.3791457190907,ok,,,,,80,,,,,,,,,
lh_q5_train200,LH,rff,0,2,jgp_pca,200,200,5,30,5,5,35,True,2.0,4.0,0.5,9.0,428.95829149013355,140.34164428710938,29.374188099987805,0.445,30.829800274342393,0.505,36.73597285386712,ok,,,,,,,0,0.5968042335211102,,,,,,
lh_q5_train200,LH,rff,0,2,lmjgp_baseline,200,200,5,30,5,5,35,True,2.0,4.0,0.5,9.0,386.7625427246094,118.60923767089844,155.06507444381714,0.625,80.36927350943974,0.67,95.76589610231517,ok,,,,,,300,,,,,,,,
lh_q5_train200,LH,rff,0,2,lmjgp_pls_kl,200,200,5,30,5,5,35,True,2.0,4.0,0.5,9.0,392.8947448730469,121.55950927734375,159.2151678999653,0.73,122.8608236446935,0.755,146.3977009922906,ok,,,,,,300,,,True,,,,,
lh_q5_train200,LH,rff,0,2,cem_em_transductive_vi_fullcov_ensemble,200,200,5,30,5,5,35,True,2.0,4.0,0.5,9.0,385.6265206454952,116.07710266113281,457.94991559995105,0.455,60.45903820863976,0.525,72.04138744459902,ok,,83.45865570002934,297.033330599952,77.45792929996969,,,,,,0.0030278877820819616,1020.1156005859375,182513.875,0.0024634741712361574,
lh_q5_train200,LH,rff,0,3,xgb_bootstrap,200,200,5,30,5,5,35,True,2.0,4.0,0.5,9.0,817.3337517701419,463.8808898925781,3.2297791999881156,0.685,943.8570714445855,0.715,1124.6750691205511,ok,,,,,,,,,,,,,,30
lh_q5_train200,LH,rff,0,3,dkl_svgp,200,200,5,30,5,5,35,True,2.0,4.0,0.5,9.0,694.8388671875,421.3346862792969,0.9353485999745317,0.45,213.86632295605494,0.46,254.83744184384264,ok,,,,,80,,,,,,,,,
lh_q5_train200,LH,rff,0,3,jgp_pca,200,200,5,30,5,5,35,True,2.0,4.0,0.5,9.0,978.8044871390705,567.8169555664062,33.68317700002808,0.385,336.21757489675946,0.455,400.62795070001,ok,,,,,,,0,0.5907242157199134,,,,,,
lh_q5_train200,LH,rff,0,3,lmjgp_baseline,200,200,5,30,5,5,35,True,2.0,4.0,0.5,9.0,830.0525512695312,445.6522216796875,181.7203710079193,0.595,863.43467083417,0.655,1028.845868172863,ok,,,,,,300,,,,,,,,
lh_q5_train200,LH,rff,0,3,lmjgp_pls_kl,200,200,5,30,5,5,35,True,2.0,4.0,0.5,9.0,756.2449340820312,406.5615234375,172.54488809994655,0.76,1500.7816542171674,0.8,1788.2916405004078,ok,,,,,,300,,,True,,,,,
lh_q5_train200,LH,rff,0,3,cem_em_transductive_vi_fullcov_ensemble,200,200,5,30,5,5,35,True,2.0,4.0,0.5,9.0,,,,,,,,error,ValueError: arange: cannot compute length,,,,,,,,,,,,,
lh_q5_train200,LH,rff,0,4,xgb_bootstrap,200,200,5,30,5,5,35,True,2.0,4.0,0.5,9.0,440.09577830935785,165.01687622070312,3.2726928999763913,0.905,612.6570590954843,0.905,730.025912960341,ok,,,,,,,,,,,,,,30
lh_q5_train200,LH,rff,0,4,dkl_svgp,200,200,5,30,5,5,35,True,2.0,4.0,0.5,9.0,409.1295166015625,162.0478057861328,0.9036151999607682,0.67,108.45107624448374,0.71,129.2274279248476,ok,,,,,80,,,,,,,,,
lh_q5_train200,LH,rff,0,4,jgp_pca,200,200,5,30,5,5,35,True,2.0,4.0,0.5,9.0,414.64237699103444,134.5924835205078,32.12192569999024,0.56,86.83906800249882,0.59,103.4751317364142,ok,,,,,,,0,0.5951516427612701,,,,,,
lh_q5_train200,LH,rff,0,4,lmjgp_baseline,200,200,5,30,5,5,35,True,2.0,4.0,0.5,9.0,436.6362609863281,145.8686065673828,169.0588822364807,0.775,290.5691364731399,0.8,346.23448139988204,ok,,,,,,300,,,,,,,,
lh_q5_train200,LH,rff,0,4,lmjgp_pls_kl,200,200,5,30,5,5,35,True,2.0,4.0,0.5,9.0,480.8749084472656,189.6670684814453,165.34055720001925,0.8,685.4228306507099,0.83,816.7316776670987,ok,,,,,,300,,,True,,,,,
lh_q5_train200,LH,rff,0,4,cem_em_transductive_vi_fullcov_ensemble,200,200,5,30,5,5,35,True,2.0,4.0,0.5,9.0,443.33572287328775,159.39306640625,491.71884789998876,0.645,324.55243227350286,0.67,386.7280759382171,ok,,95.767590799951,319.8706612000242,76.08059590001358,,,,,,0.008596232160925865,941.305419921875,160380.59375,0.008610032498836517,
lh_q5_train500,LH,rff,0,0,xgb_bootstrap,500,200,5,30,5,5,35,True,2.0,4.0,0.5,9.0,779.6718988912254,459.314208984375,5.3196427000220865,0.64,764.1536296432937,0.67,910.5452109633834,ok,,,,,,,,,,,,,,30
lh_q5_train500,LH,rff,0,0,dkl_svgp,500,200,5,30,5,5,35,True,2.0,4.0,0.5,9.0,658.6660766601562,383.3534240722656,1.1136434000218287,0.43,187.55272397562513,0.465,223.48285474854126,ok,,,,,80,,,,,,,,,
lh_q5_train500,LH,rff,0,0,jgp_pca,500,200,5,30,5,5,35,True,2.0,4.0,0.5,9.0,896.5641002981904,511.1254577636719,31.3721570999478,0.435,384.3793840898587,0.49,458.0162859914087,ok,,,,,,,0,0.5320110923851603,,,,,,
lh_q5_train500,LH,rff,0,0,lmjgp_baseline,500,200,5,30,5,5,35,True,2.0,4.0,0.5,9.0,750.2637939453125,387.0012512207031,173.6131362915039,0.78,1189.713423282971,0.82,1417.630981475335,ok,,,,,,300,,,,,,,,
lh_q5_train500,LH,rff,0,0,lmjgp_pls_kl,500,200,5,30,5,5,35,True,2.0,4.0,0.5,9.0,723.8635864257812,376.21002197265625,172.3680559999775,0.805,1367.576714111508,0.85,1629.5681645071177,ok,,,,,,300,,,True,,,,,
lh_q5_train500,LH,rff,0,0,cem_em_transductive_vi_fullcov_ensemble,500,200,5,30,5,5,35,True,2.0,4.0,0.5,9.0,717.917238004699,343.50115966796875,481.6439708999824,0.625,506.116780270044,0.67,603.0753405937708,ok,,100.38401119998889,328.9958478999906,52.264111800002865,,,,,,0.0028387412894517183,785.6851196289062,95440.46875,0.0035772742703557014,
lh_q5_train500,LH,rff,0,1,xgb_bootstrap,500,200,5,30,5,5,35,True,2.0,4.0,0.5,9.0,581.3340474612007,232.52203369140625,4.306396100029815,0.835,240.43771170873825,0.835,286.49920439896664,ok,,,,,,,,,,,,,,30
lh_q5_train500,LH,rff,0,1,dkl_svgp,500,200,5,30,5,5,35,True,2.0,4.0,0.5,9.0,539.7136840820312,221.62608337402344,1.0477968999766745,0.775,107.7920077153312,0.775,128.4420993343171,ok,,,,,80,,,,,,,,,
lh_q5_train500,LH,rff,0,1,jgp_pca,500,200,5,30,5,5,35,True,2.0,4.0,0.5,9.0,592.4196476373189,239.9396514892578,32.87021690001711,0.345,42.34878314755102,0.435,50.461687531510435,ok,,,,,,,0,0.5625354552526264,,,,,,
lh_q5_train500,LH,rff,0,1,lmjgp_baseline,500,200,5,30,5,5,35,True,2.0,4.0,0.5,9.0,599.2255859375,246.8153533935547,169.7919774055481,0.59,122.63548536379912,0.63,146.1291938694351,ok,,,,,,300,,,,,,,,
lh_q5_train500,LH,rff,0,1,lmjgp_pls_kl,500,200,5,30,5,5,35,True,2.0,4.0,0.5,9.0,599.8522338867188,248.3345184326172,169.9442930999794,0.63,173.85811355154837,0.675,207.16471994693975,ok,,,,,,300,,,True,,,,,
lh_q5_train500,LH,rff,0,1,cem_em_transductive_vi_fullcov_ensemble,500,200,5,30,5,5,35,True,2.0,4.0,0.5,9.0,597.3514260031388,242.20848083496094,498.613451000012,0.465,54.68439423330047,0.51,65.16047474224335,ok,,99.8379271000158,319.90281920001144,78.87270469998475,,,,,,0.0030879469122737646,802.64404296875,136116.734375,0.0028019517194479704,
lh_q5_train500,LH,rff,0,2,xgb_bootstrap,500,200,5,30,5,5,35,True,2.0,4.0,0.5,9.0,519.6549796589069,203.11953735351562,4.9002493000007235,0.82,315.3249913525115,0.82,375.7329019128338,ok,,,,,,,,,,,,,,30
lh_q5_train500,LH,rff,0,2,dkl_svgp,500,200,5,30,5,5,35,True,2.0,4.0,0.5,9.0,526.9693603515625,211.85305786132812,1.0915210000239313,0.72,74.78289771935971,0.725,89.10931877941006,ok,,,,,80,,,,,,,,,
lh_q5_train500,LH,rff,0,2,jgp_pca,500,200,5,30,5,5,35,True,2.0,4.0,0.5,9.0,528.8391224783154,199.69602966308594,27.88093189999927,0.41,33.30850142222933,0.485,39.68952744297695,ok,,,,,,,0,0.5368810146192338,,,,,,
lh_q5_train500,LH,rff,0,2,lmjgp_baseline,500,200,5,30,5,5,35,True,2.0,4.0,0.5,9.0,509.1672058105469,185.41775512695312,165.7722098827362,0.675,126.69041464291966,0.75,150.96094012132681,ok,,,,,,300,,,,,,,,
lh_q5_train500,LH,rff,0,2,lmjgp_pls_kl,500,200,5,30,5,5,35,True,2.0,4.0,0.5,9.0,512.6756591796875,187.05191040039062,166.92253409995465,0.73,170.0318643230477,0.775,202.6054627821339,ok,,,,,,300,,,True,,,,,
lh_q5_train500,LH,rff,0,2,cem_em_transductive_vi_fullcov_ensemble,500,200,5,30,5,5,35,True,2.0,4.0,0.5,9.0,524.9444672875212,191.21435546875,479.58285390003584,0.45,87.55499481825832,0.495,104.32821115421976,ok,,91.02474880003138,309.64222640002845,78.91587869997602,,,,,,0.003035173052921891,1339.3365478515625,238411.0,0.0035058227367699146,
lh_q5_train500,LH,rff,0,3,xgb_bootstrap,500,200,5,30,5,5,35,True,2.0,4.0,0.5,9.0,728.2058502405148,424.6792297363281,5.650146500032861,0.66,819.4765629191298,0.685,976.4665519040448,ok,,,,,,,,,,,,,,30
lh_q5_train500,LH,rff,0,3,dkl_svgp,500,200,5,30,5,5,35,True,2.0,4.0,0.5,9.0,593.9927978515625,360.2019958496094,1.065489600005094,0.435,188.11016147146552,0.445,224.14708249353782,ok,,,,,80,,,,,,,,,
lh_q5_train500,LH,rff,0,3,jgp_pca,500,200,5,30,5,5,35,True,2.0,4.0,0.5,9.0,865.0840545821467,476.5528259277344,32.90177950001089,0.175,227.86876166534216,0.2,271.52237667102054,ok,,,,,,,0,0.5147297833239437,,,,,,
lh_q5_train500,LH,rff,0,3,lmjgp_baseline,500,200,5,30,5,5,35,True,2.0,4.0,0.5,9.0,695.0097045898438,364.6120910644531,164.06997513771057,0.77,1587.2303371366613,0.8,1891.3015997191856,ok,,,,,,300,,,,,,,,
lh_q5_train500,LH,rff,0,3,lmjgp_pls_kl,500,200,5,30,5,5,35,True,2.0,4.0,0.5,9.0,647.963623046875,320.60504150390625,168.20502180000767,0.775,1511.3976602958428,0.795,1800.9413919633535,ok,,,,,,300,,,True,,,,,
lh_q5_train500,LH,rff,0,3,cem_em_transductive_vi_fullcov_ensemble,500,200,5,30,5,5,35,True,2.0,4.0,0.5,9.0,699.1166598200566,331.1874694824219,492.16510789998574,0.455,628.300666612423,0.51,748.6664210390483,ok,,98.74653830000898,315.2939813999692,78.12458820000757,,,,,,0.0029592826031148434,281.3481140136719,37515.6328125,0.0028735415544360876,
lh_q5_train500,LH,rff,0,4,xgb_bootstrap,500,200,5,30,5,5,35,True,2.0,4.0,0.5,9.0,484.7022673364791,183.8008575439453,4.969317799957935,0.86,454.1423067186006,0.87,541.1439355087736,ok,,,,,,,,,,,,,,30
lh_q5_train500,LH,rff,0,4,dkl_svgp,500,200,5,30,5,5,35,True,2.0,4.0,0.5,9.0,370.8540954589844,139.6063690185547,1.1137523000361398,0.67,105.11145791314104,0.685,125.24802723879827,ok,,,,,80,,,,,,,,,
lh_q5_train500,LH,rff,0,4,jgp_pca,500,200,5,30,5,5,35,True,2.0,4.0,0.5,9.0,464.0321338606181,160.09384155273438,30.26960629998939,0.35,37.12850807528818,0.415,44.24134612034773,ok,,,,,,,0,0.591846375451996,,,,,,
lh_q5_train500,LH,rff,0,4,lmjgp_baseline,500,200,5,30,5,5,35,True,2.0,4.0,0.5,9.0,424.9390869140625,140.51222229003906,163.80304884910583,0.8,472.150491240049,0.84,562.6020108722367,ok,,,,,,300,,,,,,,,
lh_q5_train500,LH,rff,0,4,lmjgp_pls_kl,500,200,5,30,5,5,35,True,2.0,4.0,0.5,9.0,456.1364440917969,168.0641632080078,164.9672014999669,0.78,466.7922920149449,0.81,556.2173226962692,ok,,,,,,300,,,True,,,,,
lh_q5_train500,LH,rff,0,4,cem_em_transductive_vi_fullcov_ensemble,500,200,5,30,5,5,35,True,2.0,4.0,0.5,9.0,469.38717318670035,164.0536346435547,295.67211649997625,0.635,270.07193281023274,0.71,321.81055679965027,ok,,97.48656270001084,126.64650619996246,71.53904760000296,,,,,,0.03561718016862869,10263.3056640625,31607.181640625,0.03467218577861786,
