setting,seed,method,N_train,N_test,D,Q_true,Q,n,standardize_x,jump_amp,noise_std,rmse,mean_crps,wall_sec,coverage_90,mean_width_90,coverage_95,mean_width_95,status,cem_jgp_elapsed_sec,cem_map_train_time_sec,cem_vi_train_time_sec,median_capture_ratio_top_Q_truth,median_subspace_cos_to_truth,vi_anchor_var_mean,vi_best_loss,vi_kl,vi_query_var_mean
train200,0,cem_em_transductive_vi_fullcov_ensemble,200,200,50,2,2,25,True,1.5,0.1,1.6780685046701882,1.022476315498352,445.3028586000437,0.655,2.707594608415423,0.69,3.226297969786235,ok,41.46573370002443,317.0288714999915,86.80825340002775,0.9999999403953552,0.3419176787137985,0.0029874714091420174,75.75704956054688,10030.658203125,0.003085730131715536
train200,1,cem_em_transductive_vi_fullcov_ensemble,200,200,50,2,2,25,True,1.5,0.1,1.4071788248572792,0.87451171875,354.13764380000066,0.615,2.295000105181533,0.665,2.734661295672936,ok,36.96124490001239,232.29144729999825,84.88495159999002,0.9999999403953552,0.4786321520805359,0.0019993879832327366,100.59190368652344,9278.4072265625,0.002094871364533901
train200,2,cem_em_transductive_vi_fullcov_ensemble,200,200,50,2,2,25,True,1.5,0.1,1.372810948012222,0.8004014492034912,353.322237400047,0.775,3.1614844317542987,0.805,3.767141052791875,ok,38.86181010003202,230.2651215000078,84.19530580000719,0.9999999403953552,0.3789411932229996,0.01494788471609354,82.87120819091797,8862.296875,0.015028906054794788
train200,3,cem_em_transductive_vi_fullcov_ensemble,200,200,50,2,2,25,True,1.5,0.1,1.6144862652901062,0.9503999352455139,356.68248079996556,0.695,3.1194581530118968,0.735,3.717063652961465,ok,38.075013699999545,230.3989106999943,88.20855639997171,0.9999999403953552,0.4111577868461609,0.008036646991968155,141.5927276611328,9238.431640625,0.00812350120395422
train200,4,cem_em_transductive_vi_fullcov_ensemble,200,200,50,2,2,25,True,1.5,0.1,1.2750966420404757,0.729580819606781,356.3561820000177,0.73,2.7259680869191714,0.785,3.2481913197767813,ok,36.58387339999899,229.56556429999182,90.20674430002691,0.9999999403953552,0.44384661316871643,0.002305052476003766,83.03445434570312,9261.6201171875,0.002401126781478524
train500,0,cem_em_transductive_vi_fullcov_ensemble,500,200,50,2,2,25,True,1.5,0.1,1.3171550634467435,0.7821170687675476,349.9478364000097,0.66,2.5174879289533347,0.72,2.9997718893733754,ok,36.92443499999354,228.44795010000234,84.57545130001381,0.9999999403953552,0.48563212156295776,0.0022280283737927675,78.50507354736328,9628.4716796875,0.0023240339942276478
train500,1,cem_em_transductive_vi_fullcov_ensemble,500,200,50,2,2,25,True,1.5,0.1,1.402908028337314,0.8514731526374817,352.2125904999557,0.645,2.5790985324260953,0.695,3.0731854514641204,ok,37.382607999956235,229.6700836000382,85.15989889996126,0.9999999403953552,0.480697825551033,0.0024396150838583708,96.19538879394531,10223.572265625,0.0025400230661034584
train500,2,cem_em_transductive_vi_fullcov_ensemble,500,200,50,2,2,25,True,1.5,0.1,1.4342103937359223,0.859849750995636,348.48360360000515,0.615,2.286730964246626,0.665,2.7248080065109432,ok,35.827151499979664,228.23156640003435,84.42488569999114,0.9999999403953552,0.4765605479478836,0.002660332713276148,87.58039093017578,10029.7275390625,0.0027589979581534863
train500,3,cem_em_transductive_vi_fullcov_ensemble,500,200,50,2,2,25,True,1.5,0.1,1.3820214148274939,0.8359570503234863,354.11597210000036,0.695,2.833152560354973,0.735,3.3759094973664885,ok,39.55404620000627,229.67627920000814,84.88564669998595,0.9999999403953552,0.47767776250839233,0.002231334336102009,83.43008422851562,9073.669921875,0.0023346259258687496
train500,4,cem_em_transductive_vi_fullcov_ensemble,500,200,50,2,2,25,True,1.5,0.1,1.348832224089229,0.7706118822097778,349.66215579997515,0.655,2.436496392252887,0.71,2.903264520945926,ok,36.760610299999826,228.6051730000181,84.29637249995722,0.9999999403953552,0.5099925398826599,0.002865303074941039,77.5040054321289,10449.81640625,0.0029704205226153135
train200_q5,0,cem_em_transductive_vi_fullcov_ensemble,200,200,50,5,5,25,True,1.5,0.1,1.8967991592289333,1.2246397733688354,472.7491201000521,0.38,1.893324158140095,0.45,2.256034883718978,ok,79.6879388000234,309.32206989999395,83.73911140003474,1.0,0.3630547821521759,0.0028028907254338264,155.60743713378906,24917.62890625,0.0028998295310884714
train200_q5,1,cem_em_transductive_vi_fullcov_ensemble,200,200,50,5,5,25,True,1.5,0.1,1.5861155402540146,0.9778347611427307,458.00003070000093,0.585,2.640962003443658,0.64,3.1469003238189224,ok,74.89743240003008,298.1942532999674,84.90834500000346,1.0,0.3037305772304535,0.003898386377841234,180.4967498779297,24951.7734375,0.003989463206380606
train200_q5,2,cem_em_transductive_vi_fullcov_ensemble,200,200,50,5,5,25,True,1.5,0.1,1.6752995351345437,1.0669975280761719,471.76608440000564,0.49,2.32225052942626,0.54,2.767132178922342,ok,77.94753579999087,301.63143340003444,92.18711519998033,1.0,0.3541766554117203,0.002905583009123802,146.74627685546875,25046.1484375,0.003005894599482417
train200_q5,3,cem_em_transductive_vi_fullcov_ensemble,200,200,50,5,5,25,True,1.5,0.1,1.8005494344630875,1.1898454427719116,467.8283342999057,0.49,2.455771057134717,0.52,2.9262317007383802,ok,78.09224509994965,305.73812039999757,83.99796879995847,1.0,0.33537568151950836,0.0024976134300231934,158.09239196777344,25324.2421875,0.0025879894383251667
train200_q5,4,cem_em_transductive_vi_fullcov_ensemble,200,200,50,5,5,25,True,1.5,0.1,1.7155648072101093,1.0490496158599854,459.4175468000467,0.56,2.545478248808217,0.61,3.0331244126206878,ok,77.29835100000491,298.22682889999123,83.89236690005055,1.0,0.33145497739315033,0.0023705309722572565,173.3259735107422,25538.6953125,0.0024647314567118883
train500_q5,0,cem_em_transductive_vi_fullcov_ensemble,500,200,50,5,5,25,True,1.5,0.1,1.5912444028946977,0.9804593920707703,457.83175579999806,0.58,2.490696457966566,0.61,2.9678478826614594,ok,75.24772149999626,298.1284387999913,84.45559550001053,1.0,0.3616447299718857,0.003009666223078966,145.1898956298828,25631.408203125,0.003101374488323927
train500_q5,1,cem_em_transductive_vi_fullcov_ensemble,500,200,50,5,5,25,True,1.5,0.1,1.5239222384891211,0.9190725088119507,462.23529049998615,0.615,2.5178258275248804,0.655,3.0001745203551264,ok,78.50219800003106,299.83055739995325,83.90253510000184,1.0,0.3939342498779297,0.002516812179237604,171.4852294921875,24373.1484375,0.002611168660223484
train500_q5,2,cem_em_transductive_vi_fullcov_ensemble,500,200,50,5,5,25,True,1.5,0.1,1.6408137746049019,1.030712366104126,531.0810750999954,0.475,1.9436608669835322,0.525,2.3160147717873567,ok,85.01901059999363,354.6998375999974,91.36222690000432,1.0,0.40676556527614594,0.0032049743458628654,153.01776123046875,25801.353515625,0.003303165314719081
train500_q5,3,cem_em_transductive_vi_fullcov_ensemble,500,200,50,5,5,25,True,1.5,0.1,1.7267819880075488,1.103717565536499,536.3462105999934,0.48,2.063726374518295,0.535,2.45908164819374,ok,87.08522000000812,357.3783147999784,91.88267580000684,1.0,0.3820125013589859,0.002465975470840931,170.2845458984375,24927.3828125,0.0025632637552917004
train500_q5,4,cem_em_transductive_vi_fullcov_ensemble,500,200,50,5,5,25,True,1.5,0.1,1.6547415723520338,0.9747732281684875,518.8433745999355,0.615,2.703077143514206,0.69,3.2209150783466978,ok,79.80207909998717,346.7345515000052,92.30674399994314,1.0,0.38148196041584015,0.0027916510589420795,153.74447631835938,25190.693359375,0.0028770575299859047
