benchmark,dataset,train_size,subset,method_group,method_raw,n_seeds,status,rmse_mean,rmse_std,mean_crps_mean,mean_crps_std,coverage_90_mean,coverage_90_std,mean_width_90_mean,mean_width_90_std,coverage_95_mean,coverage_95_std,mean_width_95_mean,mean_width_95_std,wall_sec_mean,wall_sec_std,source_file
pdebench,PDEBench Burgers ShockJump,200,all,xgboost,xgb_bootstrap,5,ok,0.8308548022044311,0.030604958448435436,0.38129852414131166,0.029394642242704865,0.9175000000000001,0.013228756555322964,1.9603662135332989,0.13370811439818694,0.9410000000000001,0.00888819441731558,2.335920419955873,0.1593230451434812,1.482056660001399,0.38280050127270576,experiments\pdebench\dmgp_burgers_train200_500_1000_5seeds_20260517\combined\aggregate_with_dmgp.csv
pdebench,PDEBench Burgers ShockJump,200,all,dkl,dkl_svgp,5,ok,0.9225292921066284,0.04647748999534639,0.47055206298828123,0.04257750497135642,0.7,0.08618294494852216,1.4413722952006232,0.31159394811320984,0.7390000000000001,0.06619289992136619,1.7175010229590497,0.3712870896812947,0.7615701799993986,0.16032191942237783,experiments\pdebench\dmgp_burgers_train200_500_1000_5seeds_20260517\combined\aggregate_with_dmgp.csv
pdebench,PDEBench Burgers ShockJump,200,all,dmgp,deep_mahalanobis_gp,5,ok,0.829666741144498,0.05121607937453083,0.3915805075533324,0.04091661336013496,0.9055,0.02541653005427769,2.0421632905125433,0.1965723147360038,0.9244999999999999,0.021587033144922923,2.4333876488284507,0.23423036003166858,88.23708062,12.296937993749097,experiments\pdebench\dmgp_burgers_train200_500_1000_5seeds_20260517\combined\aggregate_with_dmgp.csv
pdebench,PDEBench Burgers ShockJump,200,all,lmjgp,lmjgp_predict_vi,5,ok,0.8866100907325745,0.029305142176420804,0.3517411291599274,0.010446467409216613,0.8234999999999999,0.018343936327844142,1.345220836113155,0.2158849217136666,0.8675,0.018234582528810453,1.6029294928334856,0.2572427506198513,593.7120631800033,8.439915333452436,experiments\pdebench\dmgp_burgers_train200_500_1000_5seeds_20260517\combined\aggregate_with_dmgp.csv
pdebench,PDEBench Burgers ShockJump,200,all,self_cem,,,missing_in_summary_sources,,,,,,,,,,,,,,,
pdebench,PDEBench Burgers ShockJump,200,far_from_threshold,xgboost,xgb_bootstrap,5,ok,0.7002007254015636,0.03438745210971498,0.3081132173538208,0.034015567321424856,0.9496598639455783,0.014171882078911298,1.8663325639319581,0.1617593332893038,0.9659863945578231,0.00745200758510431,2.2238724154808067,0.19274813406822378,1.482056660001399,0.38280050127270576,experiments\pdebench\dmgp_burgers_train200_500_1000_5seeds_20260517\combined\aggregate_with_dmgp.csv
pdebench,PDEBench Burgers ShockJump,200,far_from_threshold,dkl,dkl_svgp,5,ok,0.7097043871879578,0.05424800425536799,0.3481017529964447,0.06685837070083733,0.7551020408163265,0.10641421604496042,1.4197804207826903,0.35105911787246774,0.7965986394557824,0.08763108887556276,1.6917727177017032,0.41831273993034634,0.7615701799993986,0.16032191942237783,experiments\pdebench\dmgp_burgers_train200_500_1000_5seeds_20260517\combined\aggregate_with_dmgp.csv
pdebench,PDEBench Burgers ShockJump,200,far_from_threshold,dmgp,deep_mahalanobis_gp,5,ok,0.7014018528464243,0.02250792762010265,0.3198419954957862,0.034200081903006344,0.9591836734693878,0.006453627877894624,1.9694094575386594,0.21498969444474864,0.9632653061224488,0.002545345161070711,2.346696109818784,0.25617602153447394,88.23708062,12.296937993749097,experiments\pdebench\dmgp_burgers_train200_500_1000_5seeds_20260517\combined\aggregate_with_dmgp.csv
pdebench,PDEBench Burgers ShockJump,200,far_from_threshold,lmjgp,lmjgp_predict_vi,5,ok,0.6899495244026184,0.024911284632583106,0.22104865908622742,0.009997825590733145,0.8823129251700681,0.01781741612749498,0.9011141812246095,0.20746719175495498,0.9183673469387756,0.01505846504842087,1.0737437740474647,0.24721240671549052,593.7120631800033,8.439915333452436,experiments\pdebench\dmgp_burgers_train200_500_1000_5seeds_20260517\combined\aggregate_with_dmgp.csv
pdebench,PDEBench Burgers ShockJump,200,far_from_threshold,self_cem,,,missing_in_summary_sources,,,,,,,,,,,,,,,
pdebench,PDEBench Burgers ShockJump,200,near_threshold,xgboost,xgb_bootstrap,5,ok,1.1142798439590484,0.06147459542080475,0.5842842102050781,0.04144418874245365,0.8283018867924529,0.031231972372163855,2.2211765246917343,0.13651979281122428,0.8716981132075471,0.02117919275532419,2.6466950738772823,0.16267336661608267,1.482056660001399,0.38280050127270576,experiments\pdebench\dmgp_burgers_train200_500_1000_5seeds_20260517\combined\aggregate_with_dmgp.csv
pdebench,PDEBench Burgers ShockJump,200,near_threshold,dkl,dkl_svgp,5,ok,1.341154432296753,0.12586596759206337,0.8101783871650696,0.06200656907944424,0.5471698113207547,0.06370544534390238,1.501259192171117,0.2039667393118424,0.5792452830188679,0.057415562470577115,1.7888606620690477,0.2430413603648125,0.7615701799993986,0.16032191942237783,experiments\pdebench\dmgp_burgers_train200_500_1000_5seeds_20260517\combined\aggregate_with_dmgp.csv
pdebench,PDEBench Burgers ShockJump,200,near_threshold,dmgp,deep_mahalanobis_gp,5,ok,1.1040656251911936,0.1502079237893458,0.5905533617506779,0.10388064257326025,0.7566037735849057,0.09829446247268761,2.2439522234778453,0.16621547839397427,0.8169811320754716,0.08492662215039172,2.6738339928741306,0.1980579584634961,88.23708062,12.296937993749097,experiments\pdebench\dmgp_burgers_train200_500_1000_5seeds_20260517\combined\aggregate_with_dmgp.csv
pdebench,PDEBench Burgers ShockJump,200,near_threshold,lmjgp,lmjgp_predict_vi,5,ok,1.2821435928344727,0.060388813987188365,0.7142277956008911,0.042981195184092186,0.660377358490566,0.05565238190095329,2.576988350615347,0.3270783933769476,0.7264150943396226,0.0536990546066329,3.07067101474943,0.3897379442377309,593.7120631800033,8.439915333452436,experiments\pdebench\dmgp_burgers_train200_500_1000_5seeds_20260517\combined\aggregate_with_dmgp.csv
pdebench,PDEBench Burgers ShockJump,200,near_threshold,self_cem,,,missing_in_summary_sources,,,,,,,,,,,,,,,
pdebench,PDEBench Burgers ShockJump,500,all,xgboost,xgb_bootstrap,5,ok,0.7241912110219431,0.007428343257300061,0.32055732011795046,0.005097614315594871,0.9269999999999999,0.009137833441248532,1.7830245526581798,0.05787873810357345,0.9404999999999999,0.006964194138592044,2.1246047973506252,0.0689667702310249,3.7044126799984953,1.5384199478907061,experiments\pdebench\dmgp_burgers_train200_500_1000_5seeds_20260517\combined\aggregate_with_dmgp.csv
pdebench,PDEBench Burgers ShockJump,500,all,dkl,dkl_svgp,5,ok,0.9363529086112976,0.03237571445227665,0.509398591518402,0.056554785848126475,0.6054999999999999,0.14788847149118822,1.2275174197039012,0.2661550231397877,0.6505000000000001,0.14406075107398267,1.46267722160433,0.3171432710552055,1.1231898600017303,0.25551222633846044,experiments\pdebench\dmgp_burgers_train200_500_1000_5seeds_20260517\combined\aggregate_with_dmgp.csv
pdebench,PDEBench Burgers ShockJump,500,all,dmgp,deep_mahalanobis_gp,5,ok,0.7307916046946052,0.012905269975846616,0.3202370916418547,0.010695739719052374,0.9399999999999998,0.0022360679774997916,1.876808887109935,0.08041820500903164,0.9460000000000001,0.0037416573867739447,2.2363557245016175,0.09582420158028473,201.86025664000005,14.614521278165759,experiments\pdebench\dmgp_burgers_train200_500_1000_5seeds_20260517\combined\aggregate_with_dmgp.csv
pdebench,PDEBench Burgers ShockJump,500,all,lmjgp,lmjgp_predict_vi,5,ok,0.7894844532012939,0.02155397992558467,0.2934047937393188,0.010823205964919733,0.8390000000000001,0.023377339455121923,1.2002629253564616,0.06448044699226274,0.8895,0.009,1.4302014885284113,0.07683319156252646,692.17290776,61.87791063546774,experiments\pdebench\dmgp_burgers_train200_500_1000_5seeds_20260517\combined\aggregate_with_dmgp.csv
pdebench,PDEBench Burgers ShockJump,500,all,self_cem,,,missing_in_summary_sources,,,,,,,,,,,,,,,
pdebench,PDEBench Burgers ShockJump,500,far_from_threshold,xgboost,xgb_bootstrap,5,ok,0.6444122409747399,0.01459436150683511,0.2751608550548553,0.0032858485137668395,0.95578231292517,0.0048102502121533585,1.7317500190738755,0.05298103371953373,0.9639455782312926,0.0027210884353741525,2.063507422178354,0.06313079550211677,3.7044126799984953,1.5384199478907061,experiments\pdebench\dmgp_burgers_train200_500_1000_5seeds_20260517\combined\aggregate_with_dmgp.csv
pdebench,PDEBench Burgers ShockJump,500,far_from_threshold,dkl,dkl_svgp,5,ok,0.7421064972877502,0.05678268821313949,0.3981576800346375,0.0740442958893246,0.6414965986394557,0.1764070320981235,1.2310749163163215,0.2985675453804332,0.6850340136054422,0.18267047890704916,1.4669162402751823,0.35576517345360237,1.1231898600017303,0.25551222633846044,experiments\pdebench\dmgp_burgers_train200_500_1000_5seeds_20260517\combined\aggregate_with_dmgp.csv
pdebench,PDEBench Burgers ShockJump,500,far_from_threshold,dmgp,deep_mahalanobis_gp,5,ok,0.697107136569563,0.023063719075099676,0.2945635152570921,0.010051924257629574,0.9496598639455783,0.003332639105827416,1.804741157198531,0.07823142065165938,0.9537414965986395,0.006308584010541257,2.150481727715836,0.09321848730141087,201.86025664000005,14.614521278165759,experiments\pdebench\dmgp_burgers_train200_500_1000_5seeds_20260517\combined\aggregate_with_dmgp.csv
pdebench,PDEBench Burgers ShockJump,500,far_from_threshold,lmjgp,lmjgp_predict_vi,5,ok,0.660703718662262,0.03898624915160671,0.20383312106132506,0.018544544990658,0.8721088435374151,0.012092781520157275,0.8367915293090284,0.08919337488823034,0.9238095238095239,0.005090690322141422,0.9970986069159062,0.10628046141984679,692.17290776,61.87791063546774,experiments\pdebench\dmgp_burgers_train200_500_1000_5seeds_20260517\combined\aggregate_with_dmgp.csv
pdebench,PDEBench Burgers ShockJump,500,far_from_threshold,self_cem,,,missing_in_summary_sources,,,,,,,,,,,,,,,
pdebench,PDEBench Burgers ShockJump,500,near_threshold,xgboost,xgb_bootstrap,5,ok,0.9084571870445849,0.040148851226400654,0.44646829962730405,0.02547922655766126,0.8471698113207549,0.02184120170337778,1.9252388250523818,0.07495859183868775,0.8754716981132076,0.02184120170337778,2.294063554903907,0.08931867123517634,3.7044126799984953,1.5384199478907061,experiments\pdebench\dmgp_burgers_train200_500_1000_5seeds_20260517\combined\aggregate_with_dmgp.csv
pdebench,PDEBench Burgers ShockJump,500,near_threshold,dkl,dkl_svgp,5,ok,1.3318718194961547,0.04660177200984762,0.8179346680641174,0.013990593770712196,0.5056603773584906,0.07418718208051885,1.2176504007977549,0.18894072841339965,0.5547169811320755,0.05513826111774511,1.4509199434040412,0.22513676404712227,1.1231898600017303,0.25551222633846044,experiments\pdebench\dmgp_burgers_train200_500_1000_5seeds_20260517\combined\aggregate_with_dmgp.csv
pdebench,PDEBench Burgers ShockJump,500,near_threshold,dmgp,deep_mahalanobis_gp,5,ok,0.8153747427705254,0.04215945967320547,0.3914449355769508,0.026821762756549208,0.9132075471698113,0.007059730918441398,2.0766948549774136,0.09007353476891279,0.9245283018867925,0.005966561622959205,2.4745345457753887,0.10732923660476817,201.86025664000005,14.614521278165759,experiments\pdebench\dmgp_burgers_train200_500_1000_5seeds_20260517\combined\aggregate_with_dmgp.csv
pdebench,PDEBench Burgers ShockJump,500,near_threshold,lmjgp,lmjgp_predict_vi,5,ok,1.066480779647827,0.03776812884236717,0.5418394446372986,0.026378436996960537,0.7471698113207548,0.0557801716946962,2.208381703072927,0.13244483541253577,0.7943396226415094,0.0354997881551449,2.631449103566869,0.15781775538776466,692.17290776,61.87791063546774,experiments\pdebench\dmgp_burgers_train200_500_1000_5seeds_20260517\combined\aggregate_with_dmgp.csv
pdebench,PDEBench Burgers ShockJump,500,near_threshold,self_cem,,,missing_in_summary_sources,,,,,,,,,,,,,,,
pdebench,PDEBench Burgers ShockJump,1000,all,xgboost,xgb_bootstrap,5,ok,0.7018114008876053,0.01369773246440548,0.3090381741523743,0.0028811728356866228,0.9225,0.006123724356957942,1.7579272651830877,0.08540133864540782,0.937,0.005099019513592742,2.0946995348063853,0.10176197154194935,5.008820300000662,0.8660349136287739,experiments\pdebench\dmgp_burgers_train200_500_1000_5seeds_20260517\combined\aggregate_with_dmgp.csv
pdebench,PDEBench Burgers ShockJump,1000,all,dkl,dkl_svgp,5,ok,0.8925052165985108,0.057008654587092505,0.45879600048065183,0.031722354983270966,0.6664999999999999,0.13494999073730982,1.3176009360652468,0.3886102368511208,0.701,0.12537543619066696,1.570018352010076,0.46305765800171605,1.4343717800002196,0.08137087512960013,experiments\pdebench\dmgp_burgers_train200_500_1000_5seeds_20260517\combined\aggregate_with_dmgp.csv
pdebench,PDEBench Burgers ShockJump,1000,all,dmgp,deep_mahalanobis_gp,5,ok,0.7000047931298466,0.009851037116165154,0.30186151215817925,0.007017118241392609,0.937,0.003316624790355396,1.705043332218611,0.05721081941085117,0.9494999999999999,0.002915475947422668,2.03168444199031,0.06817089602016083,293.06630678,32.31163511913597,experiments\pdebench\dmgp_burgers_train200_500_1000_5seeds_20260517\combined\aggregate_with_dmgp.csv
pdebench,PDEBench Burgers ShockJump,1000,all,lmjgp,lmjgp_predict_vi,5,ok,0.7551436066627503,0.01687824254145002,0.26231627762317655,0.009055246276428388,0.8415000000000001,0.012509996003196822,1.0286953812176363,0.10031739664913471,0.892,0.01017349497468791,1.2257661503814479,0.11953555090463007,680.8642337000013,61.14730125051687,experiments\pdebench\dmgp_burgers_train200_500_1000_5seeds_20260517\combined\aggregate_with_dmgp.csv
pdebench,PDEBench Burgers ShockJump,1000,all,self_cem,,,missing_in_summary_sources,,,,,,,,,,,,,,,
pdebench,PDEBench Burgers ShockJump,1000,far_from_threshold,xgboost,xgb_bootstrap,5,ok,0.6336317363835743,0.008010832398713762,0.27018784284591674,0.003950329930487331,0.9482993197278912,0.0039666339420715915,1.724996241287202,0.07932249377034462,0.9564625850340136,0.002545345161070711,2.055459799578645,0.0945185811104181,5.008820300000662,0.8660349136287739,experiments\pdebench\dmgp_burgers_train200_500_1000_5seeds_20260517\combined\aggregate_with_dmgp.csv
pdebench,PDEBench Burgers ShockJump,1000,far_from_threshold,dkl,dkl_svgp,5,ok,0.6868507027626037,0.044419789792540174,0.3406504452228546,0.05269381858105122,0.7210884353741497,0.15552811747726378,1.308167383286769,0.4135581427557643,0.7591836734693878,0.14175800030074673,1.5587775805583681,0.49278492142601205,1.4343717800002196,0.08137087512960013,experiments\pdebench\dmgp_burgers_train200_500_1000_5seeds_20260517\combined\aggregate_with_dmgp.csv
pdebench,PDEBench Burgers ShockJump,1000,far_from_threshold,dmgp,deep_mahalanobis_gp,5,ok,0.6706648054055225,0.014298370659797723,0.2777930927116467,0.009141994029182109,0.9489795918367347,0.002151209292631518,1.637379452522928,0.06180924110386352,0.9530612244897959,0.002545345161070676,1.9510579563962203,0.07365025342701803,293.06630678,32.31163511913597,experiments\pdebench\dmgp_burgers_train200_500_1000_5seeds_20260517\combined\aggregate_with_dmgp.csv
pdebench,PDEBench Burgers ShockJump,1000,far_from_threshold,lmjgp,lmjgp_predict_vi,5,ok,0.6733785271644592,0.021911952927599485,0.2037339597940445,0.00925639625128294,0.8646258503401361,0.0072633185387968174,0.758335031554144,0.0585932261247053,0.9102040816326531,0.012282632711066537,0.903611923704028,0.06981813521928773,680.8642337000013,61.14730125051687,experiments\pdebench\dmgp_burgers_train200_500_1000_5seeds_20260517\combined\aggregate_with_dmgp.csv
pdebench,PDEBench Burgers ShockJump,1000,far_from_threshold,self_cem,,,missing_in_summary_sources,,,,,,,,,,,,,,,
pdebench,PDEBench Burgers ShockJump,1000,near_threshold,xgboost,xgb_bootstrap,5,ok,0.8629214780746487,0.031159115126722443,0.4167928695678711,0.017656105536820094,0.850943396226415,0.018293131537420106,1.8492642559886583,0.10409123682498224,0.8830188679245283,0.015328374348369733,2.203534272136156,0.12403235883141216,5.008820300000662,0.8660349136287739,experiments\pdebench\dmgp_burgers_train200_500_1000_5seeds_20260517\combined\aggregate_with_dmgp.csv
pdebench,PDEBench Burgers ShockJump,1000,near_threshold,dkl,dkl_svgp,5,ok,1.2923773527145386,0.18434517597765412,0.7864827752113343,0.08774083010022468,0.5150943396226415,0.07973791173251107,1.3437656956583832,0.3210769207332436,0.539622641509434,0.08211341564901486,1.6011955860365106,0.3825867485063127,1.4343717800002196,0.08137087512960013,experiments\pdebench\dmgp_burgers_train200_500_1000_5seeds_20260517\combined\aggregate_with_dmgp.csv
pdebench,PDEBench Burgers ShockJump,1000,near_threshold,dmgp,deep_mahalanobis_gp,5,ok,0.7753855112178436,0.011139362404934851,0.36861731703818457,0.00850832931079114,0.9037735849056603,0.012515565246624148,1.8927148476009752,0.06064217563524029,0.939622641509434,0.007547169811320754,2.2553088454305206,0.07225960914802415,293.06630678,32.31163511913597,experiments\pdebench\dmgp_burgers_train200_500_1000_5seeds_20260517\combined\aggregate_with_dmgp.csv
pdebench,PDEBench Burgers ShockJump,1000,near_threshold,lmjgp,lmjgp_predict_vi,5,ok,0.9452042698860168,0.023188592697529483,0.42479931712150576,0.016184201810344617,0.7773584905660378,0.036096465037186796,1.7785627661333598,0.23478322119852718,0.8415094339622641,0.0269487865228032,2.1192882507886313,0.2797614633809546,680.8642337000013,61.14730125051687,experiments\pdebench\dmgp_burgers_train200_500_1000_5seeds_20260517\combined\aggregate_with_dmgp.csv
pdebench,PDEBench Burgers ShockJump,1000,near_threshold,self_cem,,,missing_in_summary_sources,,,,,,,,,,,,,,,
synthetic_l2lh,Synthetic L2/LH - L2_phantom rff q2,200,all,xgboost,xgb_bootstrap,5,ok,2.6845577269850813,0.20003588476768652,1.5336983919143676,0.10376839781261767,0.647,0.03776241517699841,4.795401459794535,0.3159740480461573,0.725,0.033615472627943226,5.714073275947112,0.3765063006655417,3.2850108399870805,0.18959593041259387,experiments\synthetic\paper_l2_lh_xstd_train200_500_5seeds\aggregate.csv
synthetic_l2lh,Synthetic L2/LH - L2_phantom rff q2,200,all,dkl,dkl_svgp,5,ok,2.705721950531006,0.3076027421236114,1.7969428300857544,0.16422330191852377,0.28900000000000003,0.03426368339802363,2.012071487870224,0.10419329764844847,0.35300000000000004,0.05500909015790027,2.397531054392055,0.12415397180350206,0.9926255400059745,0.05512714128893909,experiments\synthetic\paper_l2_lh_xstd_train200_500_5seeds\aggregate.csv
synthetic_l2lh,Synthetic L2/LH - L2_phantom rff q2,200,all,dmgp,deep_mahalanobis_gp,5,ok,2.492573540823148,0.317849159746626,1.3584813290302704,0.1523943064754796,0.8069999999999998,0.027064737205448684,6.00847616569232,0.31263876107362937,0.8779999999999999,0.02841654447676567,7.159540942588507,0.37253206111185105,65.5959379,12.595701559594325,experiments\synthetic\deep_mahalanobis_gp_paper_train200_500_5seeds\dmgp_aggregate.csv
synthetic_l2lh,Synthetic L2/LH - L2_phantom rff q2,200,all,lmjgp,lmjgp_pls_kl,5,ok,2.739847421646118,0.28075172117899494,1.474171805381775,0.1301468143871438,0.806,0.03426368339802362,6.9089297804841365,0.368772883596161,0.8699999999999999,0.025298221281347056,8.232497603183166,0.4394199936580631,59.64308180001099,0.8264613632888257,experiments\synthetic\paper_l2_lh_xstd_train200_500_5seeds\aggregate.csv
synthetic_l2lh,Synthetic L2/LH - L2_phantom rff q2,200,all,self_cem,cem_em_transductive_vi_fullcov_ensemble,5,ok,2.862171921725615,0.32389210991338196,1.5294748783111571,0.14849510038630478,0.7609999999999999,0.03652396473549934,6.043114306686518,0.46053456636078793,0.826,0.031999999999999994,7.200814833302947,0.5487607826696584,323.47618926001013,1.9641718807539201,experiments\synthetic\paper_l2_lh_xstd_train200_500_5seeds\aggregate.csv
synthetic_l2lh,Synthetic L2/LH - L2_phantom rff q2,500,all,xgboost,xgb_bootstrap,5,ok,2.3831779045799735,0.11947439495152826,1.3408031225204469,0.07631238302442807,0.7230000000000001,0.050457903246171464,4.91797337724924,0.1658170627904795,0.784,0.03397057550292605,5.860126723980957,0.19758321699049589,4.649484600010328,0.5474977812435122,experiments\synthetic\paper_l2_lh_xstd_train200_500_5seeds\aggregate.csv
synthetic_l2lh,Synthetic L2/LH - L2_phantom rff q2,500,all,dkl,dkl_svgp,5,ok,2.338954544067383,0.09491178724652088,1.474751591682434,0.05555679783131319,0.39099999999999996,0.02690724809414742,2.0974642573834323,0.19040335480345713,0.45899999999999996,0.02437211521390788,2.4992828151832027,0.2268795908861669,1.0828030800214037,0.050864423397341575,experiments\synthetic\paper_l2_lh_xstd_train200_500_5seeds\aggregate.csv
synthetic_l2lh,Synthetic L2/LH - L2_phantom rff q2,500,all,dmgp,deep_mahalanobis_gp,5,ok,2.226232486133649,0.1524691602996361,1.2115147740692156,0.05895094520617713,0.8219999999999998,0.02018662923818632,5.431967994917558,0.15083817613083061,0.875,0.015411035007422455,6.472589086814084,0.17973477266670995,129.79426518,13.85763875785165,experiments\synthetic\deep_mahalanobis_gp_paper_train200_500_5seeds\dmgp_aggregate.csv
synthetic_l2lh,Synthetic L2/LH - L2_phantom rff q2,500,all,lmjgp,lmjgp_pls_kl,5,ok,2.3983569622039793,0.205366116911096,1.2803903818130493,0.08808536679619021,0.845,0.020493901531919215,6.489212778217741,0.3023305704190808,0.898,0.02063976744055031,7.732373948006689,0.3602490943495541,57.96492944000056,0.8004680170581052,experiments\synthetic\paper_l2_lh_xstd_train200_500_5seeds\aggregate.csv
synthetic_l2lh,Synthetic L2/LH - L2_phantom rff q2,500,all,self_cem,cem_em_transductive_vi_fullcov_ensemble,5,ok,2.466322737737598,0.1334052689490562,1.3100687503814696,0.06066545741980379,0.819,0.02727636339397169,6.155718028541026,0.27109443806089345,0.882,0.02204540768504862,7.334990443669591,0.32302894695453094,315.972395040025,1.8929454762899411,experiments\synthetic\paper_l2_lh_xstd_train200_500_5seeds\aggregate.csv
synthetic_l2lh,Synthetic L2/LH - L2_phantom rff q2,1000,all,xgboost,xgb_bootstrap,5,ok,2.4356067851027126,0.18981157720064415,1.4050641298294066,0.11286294340143123,0.689,0.03638681079732049,4.847131494135335,0.11242282783987752,0.773,0.035580893749314425,5.775713413747642,0.1339600618534597,9.359064660023432,1.5522682888521462,experiments\synthetic\paper_l2_lh_xstd_train1000_5seeds\aggregate.csv
synthetic_l2lh,Synthetic L2/LH - L2_phantom rff q2,1000,all,dkl,dkl_svgp,5,ok,2.374913787841797,0.10548992848706269,1.5585907220840454,0.08069601379838251,0.348,0.021587033144922895,1.9942784227905388,0.03547369212773476,0.41000000000000003,0.017320508075688763,2.376329309653592,0.042269511298632635,1.757580379990395,0.08062255368530975,experiments\synthetic\paper_l2_lh_xstd_train1000_5seeds\aggregate.csv
synthetic_l2lh,Synthetic L2/LH - L2_phantom rff q2,1000,all,dmgp,deep_mahalanobis_gp,5,ok,2.3286122403590186,0.12473586378158043,1.303718786783525,0.07222502623209744,0.746,0.018165902124584965,5.2109792438847915,0.11587282219265016,0.827,0.016046806535881187,6.209264748456112,0.13807098368109622,218.68183431999995,30.834256592878738,experiments\synthetic\deep_mahalanobis_gp_paper_train1000_5seeds\dmgp_aggregate.csv
synthetic_l2lh,Synthetic L2/LH - L2_phantom rff q2,1000,all,lmjgp,lmjgp_baseline,5,ok,2.404139757156372,0.14338611548237543,1.3147398471832275,0.07733782016315399,0.805,0.018165902124584923,6.127457316942706,0.09234174928724645,0.8800000000000001,0.010954451150103333,7.301315728787611,0.11003198090511249,78.58965520858764,2.333887852112394,experiments\synthetic\paper_l2_lh_xstd_train1000_5seeds\aggregate.csv
synthetic_l2lh,Synthetic L2/LH - L2_phantom rff q2,1000,all,self_cem,qr_alt_refresh10_self_cem2_nstd0.1_kcov0.1,5,ok,2.511453738729375,0.18248506638046763,1.3821335554122924,0.1013106563648062,0.7550000000000001,0.026832815729997503,5.538334445158542,0.14433523077198393,0.844,0.033970575502926044,6.599332529646796,0.1719860353396125,0.9271343599888496,0.12168562668390656,experiments\synthetic\uncertain_w_cem_qr_alt_selected_5seeds_20260514\aggregate.csv
synthetic_l2lh,Synthetic L2/LH - LH rff q5,200,all,xgboost,xgb_bootstrap,5,ok,621.6313668352079,195.82033343820598,303.55515747070314,164.04100451546495,0.776,0.11217842929904127,566.631656737854,329.5331295003966,0.789,0.1045657687773585,675.1832634279874,392.66294273892015,3.2001175799872725,0.11782182573867973,experiments\synthetic\paper_l2_lh_xstd_train200_500_5seeds\aggregate.csv
synthetic_l2lh,Synthetic L2/LH - LH rff q5,200,all,dkl,dkl_svgp,5,ok,553.1106506347656,153.77393222606818,277.2870361328125,138.9809124093349,0.5940000000000001,0.11905460931858118,130.673440607081,65.16189970818726,0.611,0.11997499739529065,155.7070082889319,77.64519255671497,0.9217434599879197,0.01811376055130383,experiments\synthetic\paper_l2_lh_xstd_train200_500_5seeds\aggregate.csv
synthetic_l2lh,Synthetic L2/LH - LH rff q5,200,all,dmgp,deep_mahalanobis_gp,5,ok,563.7318451489169,151.94185293732863,248.09402074866716,121.26941439784295,0.7779999999999999,0.06806247130394252,419.54701637117216,373.89150440655226,0.805,0.06020797289396147,499.92110448925314,445.5192065451556,141.43026643999997,22.164296067854355,experiments\synthetic\deep_mahalanobis_gp_paper_train200_500_5seeds\dmgp_aggregate.csv
synthetic_l2lh,Synthetic L2/LH - LH rff q5,200,all,lmjgp,lmjgp_baseline,5,ok,600.9792114257813,178.72129261518003,271.646533203125,138.15706682838163,0.6829999999999999,0.06852736679604726,557.8527303486483,546.5899180859678,0.725,0.060000000000000005,664.7225274306686,651.3020588626525,169.51333813667299,8.659821520290032,experiments\synthetic\paper_l2_lh_xstd_train200_500_5seeds\aggregate.csv
synthetic_l2lh,Synthetic L2/LH - LH rff q5,200,all,self_cem,cem_em_transductive_vi_fullcov_ensemble,4,ok,550.5523607274591,163.5384382164687,230.25217819213867,119.738644227905,0.54625,0.07368641326594748,248.197129984946,228.10824710010627,0.5825,0.05963430220938282,295.74512155120317,271.80774116745266,448.63561524999386,56.462529039355815,experiments\synthetic\paper_l2_lh_xstd_train200_500_5seeds\aggregate.csv
synthetic_l2lh,Synthetic L2/LH - LH rff q5,500,all,xgboost,xgb_bootstrap,5,ok,618.7138087176654,115.8145114729629,300.6871734619141,116.93152454525722,0.763,0.09335952013587043,518.7070404684548,233.9542758095872,0.776,0.08218272324521739,618.0775609376004,278.7737140269379,5.029150480008684,0.4500202538469401,experiments\synthetic\paper_l2_lh_xstd_train200_500_5seeds\aggregate.csv
synthetic_l2lh,Synthetic L2/LH - LH rff q5,500,all,dkl,dkl_svgp,5,ok,538.0392028808594,95.66384156251756,263.32818603515625,93.25924617601488,0.606,0.14551288602732063,132.66984975898453,46.50812670356116,0.619,0.13705473359209452,158.08587651892088,55.41785106821224,1.0864406400127335,0.026245044120999914,experiments\synthetic\paper_l2_lh_xstd_train200_500_5seeds\aggregate.csv
synthetic_l2lh,Synthetic L2/LH - LH rff q5,500,all,dmgp,deep_mahalanobis_gp,5,ok,567.612516249668,84.6871256924474,240.7345479823171,73.44510678741057,0.806,0.020432816741702522,389.17283173026686,334.8418470353367,0.8210000000000001,0.01981161275615893,463.72803114796153,398.98866984441514,322.49107186,40.0063214304705,experiments\synthetic\deep_mahalanobis_gp_paper_train200_500_5seeds\dmgp_aggregate.csv
synthetic_l2lh,Synthetic L2/LH - LH rff q5,500,all,lmjgp,lmjgp_pls_kl,5,ok,588.0983093261718,95.13856318721791,260.0531311035156,78.85103863752215,0.744,0.06191930232165089,737.9313288593783,584.6209452943637,0.7809999999999999,0.05842944463196616,879.2994123791628,696.618822860473,168.48142129997723,2.533858322134455,experiments\synthetic\paper_l2_lh_xstd_train200_500_5seeds\aggregate.csv
synthetic_l2lh,Synthetic L2/LH - LH rff q5,500,all,self_cem,cem_em_transductive_vi_fullcov_ensemble,5,ok,601.7433928604231,96.34671623085514,254.43302001953126,72.30332111263435,0.526,0.08511169132381284,309.34575374885173,226.2905455852932,0.5790000000000001,0.0916733330909267,368.6082008657865,269.64181622112136,449.53550003999845,77.24463334895246,experiments\synthetic\paper_l2_lh_xstd_train200_500_5seeds\aggregate.csv
synthetic_l2lh,Synthetic L2/LH - LH rff q5,1000,all,xgboost,xgb_bootstrap,5,ok,603.1997470898896,106.84172850317664,296.83363952636716,102.97860746109413,0.7550000000000001,0.08905054744357273,503.45939572720516,142.03843628392457,0.768,0.0792842985716592,599.908871607293,169.24923590486304,12.563029759982602,3.5288688126236796,experiments\synthetic\paper_l2_lh_xstd_train1000_5seeds\aggregate.csv
synthetic_l2lh,Synthetic L2/LH - LH rff q5,1000,all,dkl,dkl_svgp,5,ok,528.8844177246094,84.47052989080915,268.48517150878905,80.48571740731788,0.596,0.11909659944767521,138.1525161840188,43.94186949426475,0.611,0.11208925015361643,164.61887651128512,52.35996699702637,2.3621005199849607,0.7115553827842233,experiments\synthetic\paper_l2_lh_xstd_train1000_5seeds\aggregate.csv
synthetic_l2lh,Synthetic L2/LH - LH rff q5,1000,all,dmgp,deep_mahalanobis_gp,5,ok,513.6383252562446,86.54499406664475,216.63288046115258,65.29058984818457,0.8030000000000002,0.038177218337642135,408.0635100318973,251.155848870128,0.819,0.03943348830626069,486.2376627091292,299.2706525530607,559.7038485799999,26.94288918703408,experiments\synthetic\deep_mahalanobis_gp_paper_train1000_5seeds\dmgp_aggregate.csv
synthetic_l2lh,Synthetic L2/LH - LH rff q5,1000,all,lmjgp,lmjgp_baseline,5,ok,595.8483764648438,105.10986490149217,258.6902160644531,79.87077126293765,0.679,0.10150862032359614,539.7767044047209,317.350080553307,0.719,0.09630160954002795,643.1836140263368,378.14594452890935,354.92899174690245,109.1150743821705,experiments\synthetic\paper_l2_lh_xstd_train1000_5seeds\aggregate.csv
synthetic_l2lh,Synthetic L2/LH - LH rff q5,1000,all,self_cem,qr_alt_refresh10_self_cem2_nstd0.1_kcov0.1,5,ok,590.7084093106669,123.97776563393543,250.4158157348633,79.35049356834652,0.789,0.04532107677449864,285.25793403057867,82.56307642189059,0.798,0.03957271787481875,339.9057933443288,98.37997350539196,0.765231719998701,0.18066424949340812,experiments\synthetic\uncertain_w_cem_qr_hybrid_anchor_5seeds_20260516\aggregate.csv
uci,Appliances Energy Prediction,200,all,xgboost,xgb_bootstrap,5,ok,104.00228214489482,5.66726828815242,44.99367828369141,3.000130388210174,0.881,0.028879058156387326,169.6967421337878,23.80239124361972,0.899,0.02477902338672772,202.20614006392523,28.362298516427558,12.254772939998656,0.3419467101995728,experiments\uci\dmgp_smalltrain_5seeds_20260517\combined\aggregate_with_dmgp.csv
uci,Appliances Energy Prediction,200,all,dkl,dkl_svgp,5,ok,119.60496193309191,8.100169382411137,57.588583374023436,6.543640320620506,0.479,0.024576411454889018,46.17636878043355,5.110853033171173,0.529,0.021540659228538032,55.02253712035595,6.089957009644797,1.5916053000022656,0.08021460361231467,experiments\uci\dmgp_smalltrain_5seeds_20260517\combined\aggregate_with_dmgp.csv
uci,Appliances Energy Prediction,200,all,dmgp,deep_mahalanobis_gp,5,ok,107.31013201938872,9.114913584846478,45.37894802691588,5.595931476449455,0.873,0.02767670500619612,174.19106446428532,22.21005217867268,0.897,0.024207436873820428,207.56145542959402,26.464909492057863,121.0976909,9.282421881726519,experiments\uci\dmgp_smalltrain_5seeds_20260517\combined\aggregate_with_dmgp.csv
uci,Appliances Energy Prediction,200,all,lmjgp,lmjgp_supervised_residual_ridge,5,ok,102.98099336476318,5.666515819505077,47.66483612060547,4.581814431439818,0.783,0.031717503054307414,162.74984106817863,13.77175109233256,0.828,0.024819347291981694,193.92839688382728,16.410053577258704,86.01245914000319,1.6294642305010432,experiments\uci\dmgp_smalltrain_5seeds_20260517\combined\aggregate_with_dmgp.csv
uci,Appliances Energy Prediction,200,all,self_cem,,,missing_in_summary_sources,,,,,,,,,,,,,,,
uci,Appliances Energy Prediction,500,all,xgboost,xgb_bootstrap,5,ok,98.47739760927662,9.59079837691428,43.36564178466797,4.692270826207292,0.8800000000000001,0.022135943621178676,176.07322101155427,22.153707007100994,0.913,0.021587033144922895,209.80418328419978,26.397770079058585,7.290394479990937,1.6230306834801094,experiments\uci\dmgp_smalltrain_5seeds_20260517\combined\aggregate_with_dmgp.csv
uci,Appliances Energy Prediction,500,all,dkl,dkl_svgp,5,ok,113.84303068879198,8.096678854373442,52.36993179321289,4.937978105399118,0.581,0.023108440016582684,58.88125083726138,8.12995658757094,0.631,0.02059126028197402,70.16133783258877,9.687440782828592,1.1425313999934588,0.04555622195143986,experiments\uci\dmgp_smalltrain_5seeds_20260517\combined\aggregate_with_dmgp.csv
uci,Appliances Energy Prediction,500,all,dmgp,deep_mahalanobis_gp,5,ok,104.96737075678189,7.898619332189063,44.70083399799552,3.1947405935282847,0.893,0.012489995996796807,198.28820716768718,17.456615228642477,0.9099999999999999,0.017029386365926415,236.27497197302273,20.800840013664093,300.7777316199998,8.17053427042952,experiments\uci\dmgp_smalltrain_5seeds_20260517\combined\aggregate_with_dmgp.csv
uci,Appliances Energy Prediction,500,all,lmjgp,lmjgp_transductive_residual_ridge,5,ok,103.68285465351755,7.151586266274965,44.89972839355469,2.504376936571778,0.8140000000000001,0.02059126028197397,159.22132535035777,15.217799659013135,0.867,0.011661903789690611,189.7239110788321,18.133126721367315,84.69950583999744,1.6536801390973552,experiments\uci\dmgp_smalltrain_5seeds_20260517\combined\aggregate_with_dmgp.csv
uci,Appliances Energy Prediction,500,all,self_cem,self_cem2_nstd0.05_kcov0.1,5,ok,109.28197887076206,6.690066935124667,43.33516006469726,4.123452393500204,0.755,0.047749345545253286,100.25641494193133,17.581046640463736,0.8149999999999998,0.03346640106136301,119.46288671866482,20.949109185898674,224.3133758000331,27.23684255575589,experiments\uci\uncertain_w_cem_train500_selfcem_5seeds_20260515\aggregate.csv
uci,Appliances Energy Prediction,1000,all,xgboost,xgb_bootstrap,5,ok,96.24355679461135,8.164977647682347,41.26602020263672,4.4359021787301485,0.8780000000000001,0.03140063693621519,167.39442230215568,24.008479603695967,0.905,0.017888543819998333,199.4627567762253,28.607867943861013,5.471233559999382,0.5666233358622942,experiments\uci\dmgp_smalltrain_5seeds_20260517\combined\aggregate_with_dmgp.csv
uci,Appliances Energy Prediction,1000,all,dkl,dkl_svgp,5,ok,110.3784309293936,8.42855615850133,51.08631439208985,4.326891394301165,0.589,0.03367491648096549,63.23305532874711,10.824326568796996,0.658,0.016309506430300106,75.34683271876892,12.897980637378648,1.3279207200102974,0.06926787486664382,experiments\uci\dmgp_smalltrain_5seeds_20260517\combined\aggregate_with_dmgp.csv
uci,Appliances Energy Prediction,1000,all,dmgp,deep_mahalanobis_gp,5,ok,103.66072161878355,7.388176355618453,43.93319442470672,3.590058724578056,0.8859999999999999,0.013928388277184131,189.95860075467982,19.227915227582397,0.9040000000000001,0.016248076809271934,226.3496337499822,22.91147414356683,591.9643370199996,47.622955758770104,experiments\uci\dmgp_smalltrain_5seeds_20260517\combined\aggregate_with_dmgp.csv
uci,Appliances Energy Prediction,1000,all,lmjgp,lmjgp_transductive_residual_ridge,5,ok,98.32629028813365,6.951703559627457,41.054623413085935,3.730115109661799,0.8019999999999999,0.02420743687382038,143.01003285069976,16.506307039841577,0.849,0.017720045146669368,170.40696462137598,19.668477964090528,80.78790657999343,1.8546450106222696,experiments\uci\dmgp_smalltrain_5seeds_20260517\combined\aggregate_with_dmgp.csv
uci,Appliances Energy Prediction,1000,all,self_cem,,,missing_in_summary_sources,,,,,,,,,,,,,,,
uci,Parkinsons Telemonitoring,200,all,xgboost,xgb_bootstrap,5,ok,9.478727974752417,0.8697714567379201,6.740556716918945,0.7476096661285384,0.31999999999999995,0.0719027120489902,9.932396003057729,0.36307427659083763,0.375,0.07071067811865475,11.835179816129052,0.4326296845937961,12.084381200000644,0.039258381597195406,experiments\uci\dmgp_smalltrain_5seeds_20260517\combined\aggregate_with_dmgp.csv
uci,Parkinsons Telemonitoring,200,all,dkl,dkl_svgp,5,ok,7.814344191376061,1.167081484180144,4.92281584739685,0.989843773719943,0.657,0.14545102268461368,15.392666034566233,0.8567319774958895,0.696,0.1395850994913139,18.341492859591003,1.0208591164478473,1.697295920000761,0.051596355437277724,experiments\uci\dmgp_smalltrain_5seeds_20260517\combined\aggregate_with_dmgp.csv
uci,Parkinsons Telemonitoring,200,all,dmgp,deep_mahalanobis_gp,5,ok,8.673106239677661,0.5200918147238447,5.489775488890851,0.5415287816754278,0.584,0.060942595940770325,16.694830513629654,0.649342604675354,0.68,0.052057660339281484,19.893117538585592,0.7737394367120008,116.29389203999999,8.06396185446693,experiments\uci\dmgp_smalltrain_5seeds_20260517\combined\aggregate_with_dmgp.csv
uci,Parkinsons Telemonitoring,200,all,lmjgp,lmjgp_supervised,5,ok,8.912024329418289,0.75688524819515,5.447029876708984,0.5978302345473878,0.716,0.06865857557508746,22.262313495096727,1.5926220084820095,0.796,0.06476109943476872,26.527182691507,1.8977261723864502,68.50405702000134,1.7794612175871998,experiments\uci\dmgp_smalltrain_5seeds_20260517\combined\aggregate_with_dmgp.csv
uci,Parkinsons Telemonitoring,200,all,self_cem,,,missing_in_summary_sources,,,,,,,,,,,,,,,
uci,Parkinsons Telemonitoring,500,all,xgboost,xgb_bootstrap,5,ok,9.532710521114138,0.7271357670060977,7.0371496200561525,0.6295335006907614,0.246,0.07045565981523413,7.866231046083276,0.34188730525734573,0.288,0.06546754921333163,9.37319241771591,0.4073838511197921,8.980325419997097,4.450396325530038,experiments\uci\dmgp_smalltrain_5seeds_20260517\combined\aggregate_with_dmgp.csv
uci,Parkinsons Telemonitoring,500,all,dkl,dkl_svgp,5,ok,7.860154359214684,1.030496153030649,4.934474849700928,0.8856780885384031,0.65,0.13939153489362255,15.266830753996231,0.7179994676838674,0.6990000000000001,0.1385063175454463,18.191550874565383,0.8555491349023425,1.3731260800093879,0.45711513651121594,experiments\uci\dmgp_smalltrain_5seeds_20260517\combined\aggregate_with_dmgp.csv
uci,Parkinsons Telemonitoring,500,all,dmgp,deep_mahalanobis_gp,5,ok,9.028607379545585,1.039695862247178,5.831703063926623,1.0569519975824344,0.5439999999999999,0.14256226709757389,15.448990217733265,1.5139244442240642,0.625,0.14477568856683087,18.408607263363585,1.8039522407190633,246.7798749399999,15.174978673281162,experiments\uci\dmgp_smalltrain_5seeds_20260517\combined\aggregate_with_dmgp.csv
uci,Parkinsons Telemonitoring,500,all,lmjgp,lmjgp_transductive,5,ok,8.936601837130707,1.0100052437722153,5.513485240936279,0.8133802245166918,0.703,0.10810180387024076,20.98992358161852,1.9052771005921134,0.776,0.09366963221877195,25.011036595680014,2.2702776931285014,71.42321232000832,3.1583842701339573,experiments\uci\dmgp_smalltrain_5seeds_20260517\combined\aggregate_with_dmgp.csv
uci,Parkinsons Telemonitoring,500,all,self_cem,self_cem2_nstd0.15_kcov0.1,5,ok,10.23507784945545,0.9035763552628483,6.769696044921875,0.9654663070183146,0.475,0.13224976370489286,14.680419490557137,1.7068336697033557,0.545,0.11974973903938163,17.492798756056562,2.0338177606837022,214.90161005998962,25.31748941772412,experiments\uci\uncertain_w_cem_train500_selfcem_5seeds_20260515\aggregate.csv
uci,Parkinsons Telemonitoring,1000,all,xgboost,xgb_bootstrap,5,ok,9.794253205677592,0.5702634290721186,7.425665283203125,0.23455369806816584,0.187,0.0680147042925278,6.479026459708895,0.45901757041994196,0.22999999999999998,0.07106335201775947,7.720236200862955,0.546953170514975,4.902310519991443,0.39295722990020443,experiments\uci\dmgp_smalltrain_5seeds_20260517\combined\aggregate_with_dmgp.csv
uci,Parkinsons Telemonitoring,1000,all,dkl,dkl_svgp,5,ok,7.86002955324782,1.0359813465492131,4.926346397399902,0.8764157530978963,0.65,0.12292273996295398,15.159473284107872,0.49945281884354986,0.6950000000000001,0.13725887949418794,18.063626558988126,0.5951347407882467,1.4026192000019364,0.043365644935314335,experiments\uci\dmgp_smalltrain_5seeds_20260517\combined\aggregate_with_dmgp.csv
uci,Parkinsons Telemonitoring,1000,all,dmgp,deep_mahalanobis_gp,5,ok,8.948860178484008,0.8537619174777092,5.819298666969746,0.8873661365842012,0.518,0.13698905065734268,14.250867840296578,0.9419566052067283,0.612,0.13178011989674315,16.98095639500052,1.1224105239239452,481.63203440000035,76.03080497383537,experiments\uci\dmgp_smalltrain_5seeds_20260517\combined\aggregate_with_dmgp.csv
uci,Parkinsons Telemonitoring,1000,all,lmjgp,lmjgp_supervised,5,ok,9.009474367585671,0.6705031650419583,5.6530442237854,0.6418858699263772,0.6449999999999999,0.08154753215150046,19.851438701321968,1.3053824182897493,0.72,0.08831760866327847,23.654448188199503,1.5554590900842444,62.67810565999825,2.516258599544733,experiments\uci\dmgp_smalltrain_5seeds_20260517\combined\aggregate_with_dmgp.csv
uci,Parkinsons Telemonitoring,1000,all,self_cem,,,missing_in_summary_sources,,,,,,,,,,,,,,,
uci,Wine Quality,200,all,xgboost,xgb_bootstrap,5,ok,0.7508252189635722,0.03732503993637171,0.44050047397613523,0.021657667238790413,0.6799999999999999,0.017606816861658974,1.3749097354701034,0.056380241607212514,0.748,0.022271057451320107,1.6383059983941046,0.06718120152405718,11.914881880005122,0.7322191228418743,experiments\uci\dmgp_smalltrain_5seeds_20260517\combined\aggregate_with_dmgp.csv
uci,Wine Quality,200,all,dkl,dkl_svgp,5,ok,0.9656176361335801,0.02093398795623469,0.6744560122489929,0.01455429340439534,0.229,0.020591260281974007,0.4813250738573906,0.02750692920968306,0.27,0.017606816861659005,0.5735342003440161,0.03277652776690638,1.818612800000119,0.17328354965067305,experiments\uci\dmgp_smalltrain_5seeds_20260517\combined\aggregate_with_dmgp.csv
uci,Wine Quality,200,all,dmgp,deep_mahalanobis_gp,5,ok,0.7332951700876903,0.021183170925029336,0.41116640541771854,0.010684094535601908,0.8300000000000001,0.038600518131237556,1.8567903251454319,0.09282218746038039,0.8709999999999999,0.022891046284519215,2.212502136662663,0.11060445829806252,55.307635760000004,8.36846188257294,experiments\uci\dmgp_smalltrain_5seeds_20260517\combined\aggregate_with_dmgp.csv
uci,Wine Quality,200,all,lmjgp,lmjgp_supervised_residual_ridge,5,ok,0.7641144889549862,0.023517318420868755,0.42888582348823545,0.013121472649455427,0.818,0.011224972160321799,2.021369903998122,0.06722653919071352,0.8779999999999999,0.02400000000000002,2.4086108005927693,0.0801053622402086,116.08297599999932,5.18041808384376,experiments\uci\dmgp_smalltrain_5seeds_20260517\combined\aggregate_with_dmgp.csv
uci,Wine Quality,200,all,self_cem,,,missing_in_summary_sources,,,,,,,,,,,,,,,
uci,Wine Quality,500,all,xgboost,xgb_bootstrap,5,ok,0.7201957579877588,0.01821881654116885,0.41994212865829467,0.007743514766942765,0.6519999999999999,0.025806975801127903,1.2645553857246086,0.023013335917892414,0.738,0.022934689882359447,1.5068106802122831,0.027422081104437532,9.372351360006723,4.767178149541923,experiments\uci\dmgp_smalltrain_5seeds_20260517\combined\aggregate_with_dmgp.csv
uci,Wine Quality,500,all,dkl,dkl_svgp,5,ok,0.8516540987075192,0.0640678986153277,0.5979931592941284,0.0491776958132785,0.22400000000000003,0.02922327839240491,0.48607117857743914,0.021205471492755427,0.272,0.03009983388658482,0.5791895329315067,0.02526787777342916,1.6657238000014332,0.5241044327294551,experiments\uci\dmgp_smalltrain_5seeds_20260517\combined\aggregate_with_dmgp.csv
uci,Wine Quality,500,all,dmgp,deep_mahalanobis_gp,5,ok,0.7255747713345235,0.04520577439928511,0.4148348655281507,0.033071077492094675,0.759,0.028530685235374238,1.5935015780755895,0.03825776170970274,0.8360000000000001,0.024779023386727723,1.898774244200903,0.0455869348199122,154.25004932000002,14.717105687236183,experiments\uci\dmgp_smalltrain_5seeds_20260517\combined\aggregate_with_dmgp.csv
uci,Wine Quality,500,all,lmjgp,lmjgp_supervised_residual_ridge,5,ok,0.736612488813131,0.02639251692400916,0.4162395536899567,0.016850636157998335,0.8019999999999999,0.02561249694973138,1.930706528344757,0.04175393235845313,0.86,0.014142135623730963,2.300578725223996,0.04975287909791879,81.18020053999498,35.781238116519354,experiments\uci\dmgp_smalltrain_5seeds_20260517\combined\aggregate_with_dmgp.csv
uci,Wine Quality,500,all,self_cem,self_cem2_nstd0.15_kcov0.1,5,ok,0.784939877189354,0.03902904641634272,0.4489087760448456,0.021233842398463376,0.7609999999999999,0.025179356624028364,1.6957970571248275,0.07778580856592003,0.8109999999999999,0.022891046284519174,2.020666825663833,0.09268750775112486,194.76096816004718,31.564598508294925,experiments\uci\uncertain_w_cem_train500_selfcem_5seeds_20260515\aggregate.csv
uci,Wine Quality,1000,all,xgboost,xgb_bootstrap,5,ok,0.6889652834440315,0.015365413597670782,0.3968637704849243,0.016109567182371193,0.6970000000000001,0.03893584466786355,1.3314683139260475,0.05041792774205148,0.7700000000000001,0.0268328157299975,1.586542351910025,0.060076666355236334,7.062295339989942,3.2060279086457726,experiments\uci\dmgp_smalltrain_5seeds_20260517\combined\aggregate_with_dmgp.csv
uci,Wine Quality,1000,all,dkl,dkl_svgp,5,ok,0.759417547051156,0.03930556501898927,0.5155158102512359,0.02757461834265215,0.281,0.045321076774498634,0.5019657405817691,0.025113470929536356,0.31799999999999995,0.044,0.5981290717257659,0.029924546319608218,1.6722525199991651,0.47129097357683075,experiments\uci\dmgp_smalltrain_5seeds_20260517\combined\aggregate_with_dmgp.csv
uci,Wine Quality,1000,all,dmgp,deep_mahalanobis_gp,5,ok,0.710563971767612,0.024204592756719774,0.4081611020927408,0.016836022971581058,0.741,0.014966629547095779,1.5064306938060223,0.04225842501591962,0.8219999999999998,0.020639767440550263,1.79502288634501,0.050354019176827615,316.81081167999946,26.75759340815862,experiments\uci\dmgp_smalltrain_5seeds_20260517\combined\aggregate_with_dmgp.csv
uci,Wine Quality,1000,all,lmjgp,lmjgp_transductive_residual_ridge,5,ok,0.7213190666232695,0.019984507283332377,0.4027008891105652,0.013830698123779765,0.828,0.021118712081942867,1.9476781449557432,0.04421293078774362,0.885,0.027018512172212617,2.320801653739894,0.052682956449775664,51.88032535999664,15.177190828426037,experiments\uci\dmgp_smalltrain_5seeds_20260517\combined\aggregate_with_dmgp.csv
uci,Wine Quality,1000,all,self_cem,,,missing_in_summary_sources,,,,,,,,,,,,,,,
